-- Seed data pour les items de type secondary

-- Insertion des items
INSERT INTO item (id, name, image, tech, integrity, type, min_damage, max_damage, damage_bonus, hands, reach, hits_per_round) VALUES
  ('400', 'Anneau Imperial', '/assets/items/Anneau_imperial.webp', 0, 600, 'secondary'::item_type, NULL, NULL, NULL, NULL, NULL, NULL),
  ('401', 'Bague saphir pourpre', '/assets/items/Bague_saphir_pourpre.webp', 0, 50, 'secondary'::item_type, NULL, NULL, NULL, NULL, NULL, NULL),
  ('402', 'Boite à outils', '/assets/items/Boite_a_outils.webp', 0, 70, 'secondary'::item_type, NULL, NULL, NULL, NULL, NULL, NULL),
  ('403', 'Bracelet', '/assets/items/Bracelet.webp', 0, 40, 'secondary'::item_type, NULL, NULL, NULL, NULL, NULL, NULL),
  ('404', 'Ceinture', '/assets/items/Ceinture.webp', 360, 50, 'secondary'::item_type, NULL, NULL, NULL, NULL, NULL, NULL),
  ('405', 'Ceinture titane', '/assets/items/Ceinture_titane.webp', 400, 100, 'secondary'::item_type, NULL, NULL, NULL, NULL, NULL, NULL),
  ('406', 'Chaîne', '/assets/items/Chaine.webp', 300, 80, 'secondary'::item_type, NULL, NULL, NULL, NULL, NULL, NULL),
  ('407', 'Cibleur', '/assets/items/Cibleur.webp', 240, 30, 'secondary'::item_type, NULL, NULL, NULL, NULL, NULL, NULL),
  ('408', 'Collier en cuir', '/assets/items/Collier_en_cuir.webp', 300, 80, 'secondary'::item_type, NULL, NULL, NULL, NULL, NULL, NULL),
  ('409', 'Collier tech''', '/assets/items/Collier_tech.webp', 330, 120, 'secondary'::item_type, NULL, NULL, NULL, NULL, NULL, NULL),
  ('410', 'Pendentif Cristal', '/assets/items/Cravate.webp', 360, 60, 'secondary'::item_type, NULL, NULL, NULL, NULL, NULL, NULL),
  ('411', 'Déflecteur', '/assets/items/Deflecteur.webp', 250, 150, 'secondary'::item_type, NULL, NULL, NULL, NULL, NULL, NULL),
  ('412', 'Epaulettes', '/assets/items/Epaulettes.webp', 350, 100, 'secondary'::item_type, NULL, NULL, NULL, NULL, NULL, NULL),
  ('413', 'Epaulettes en Cristal', '/assets/items/Epaulettes.webp', 380, 120, 'secondary'::item_type, NULL, NULL, NULL, NULL, NULL, NULL),
  ('414', 'Jetpack E1', '/assets/items/JET_PACK_262px.webp', 220, 40, 'secondary'::item_type, NULL, NULL, NULL, NULL, NULL, NULL),
  ('415', 'Lunettes Cyber', '/assets/items/Lunettes_cyber.webp', 160, 40, 'secondary'::item_type, NULL, NULL, NULL, NULL, NULL, NULL),
  ('416', 'Lunettes Cyber 2.0', '/assets/items/Lunettes_cyber_2.0.webp', 160, 60, 'secondary'::item_type, NULL, NULL, NULL, NULL, NULL, NULL),
  ('417', 'Lunettes de soleil', '/assets/items/Lunettes_de_soleil.webp', 90, 20, 'secondary'::item_type, NULL, NULL, NULL, NULL, NULL, NULL),
  ('418', 'Lunettes de vision nocturne', '/assets/items/Lunettes_de_vision_nocturne.webp', 240, 50, 'secondary'::item_type, NULL, NULL, NULL, NULL, NULL, NULL),
  ('419', 'Cache-oeil', '/assets/items/Cache-oeil.webp', 400, 60, 'secondary'::item_type, NULL, NULL, NULL, NULL, NULL, NULL),
  ('420', 'Mitaines', '/assets/items/Mitaines.webp', 360, 50, 'secondary'::item_type, NULL, NULL, NULL, NULL, NULL, NULL),
  ('421', 'Module d''invisibilité', '/assets/items/Module_dinvisibilite.webp', 140, 50, 'secondary'::item_type, NULL, NULL, NULL, NULL, NULL, NULL),
  ('422', 'Nucléodeck', '/assets/items/Nucleodeck.webp', 320, 60, 'secondary'::item_type, NULL, NULL, NULL, NULL, NULL, NULL),
  ('423', 'Parapactum', '/assets/items/Parapactum.webp', 320, 60, 'secondary'::item_type, NULL, NULL, NULL, NULL, NULL, NULL),
  ('424', 'Trousse de secours', '/assets/items/Trousse_de_secours.webp', 320, 780, 'secondary'::item_type, NULL, NULL, NULL, NULL, NULL, NULL),
  ('425', 'Monocle', '/assets/items/Monocle.webp', 240, 80, 'secondary'::item_type, NULL, NULL, NULL, NULL, NULL, NULL),
  ('426', 'Overboard', '/assets/items/HOVERBOARD262.webp', 240, 60, 'secondary'::item_type, NULL, NULL, NULL, NULL, NULL, NULL),
  ('427', 'Drone AXXXN', '/assets/items/TENUE_A-317_DRONE_ROUGE_262-PX.webp', 350, 300, 'secondary'::item_type, NULL, NULL, NULL, NULL, NULL, NULL),
  ('428', 'Drone AXXXP', '/assets/items/TENUE_A-317_DRONE_ROUGE_262-PX.webp', 250, 300, 'secondary'::item_type, NULL, NULL, NULL, NULL, NULL, NULL),
  ('429', 'Drone AXXXT', '/assets/items/TENUE_A-317_DRONE_ROUGE_262-PX.webp', 240, 300, 'secondary'::item_type, NULL, NULL, NULL, NULL, NULL, NULL),
  ('430', 'Drone AXXXL', '/assets/items/TENUE_A-317_DRONE_ROUGE_262-PX.webp', 140, 300, 'secondary'::item_type, NULL, NULL, NULL, NULL, NULL, NULL),
  ('431', 'Drone AXXXJ', '/assets/items/TENUE_A-317_DRONE_ROUGE_262-PX.webp', 160, 300, 'secondary'::item_type, NULL, NULL, NULL, NULL, NULL, NULL),
  ('432', 'Drone AXXXO', '/assets/items/TENUE_A-317_DRONE_ROUGE_262-PX.webp', 320, 300, 'secondary'::item_type, NULL, NULL, NULL, NULL, NULL, NULL),
  ('433', 'Drone AXXXD', '/assets/items/TENUE_A-317_DRONE_ROUGE_262-PX.webp', 330, 300, 'secondary'::item_type, NULL, NULL, NULL, NULL, NULL, NULL),
  ('434', 'Celeris A', '/assets/items/Overlongboard_5.webp', 220, 70, 'secondary'::item_type, NULL, NULL, NULL, NULL, NULL, NULL),
  ('435', 'Cape', '/assets/items/Overlongboard_5.webp', 360, 50, 'secondary'::item_type, NULL, NULL, NULL, NULL, NULL, NULL),
  ('436', 'Vaychette Noir', '/assets/items/Vaychette_noir.webp', 350, 40, 'secondary'::item_type, NULL, NULL, NULL, NULL, NULL, NULL),
  ('437', 'Anneau Rebelle', '/assets/items/Anneau_rebelle.webp', 0, 600, 'secondary'::item_type, NULL, NULL, NULL, NULL, NULL, NULL),
  ('438', 'Diamant jaune', '/assets/items/', 0, 50, 'secondary'::item_type, NULL, NULL, NULL, NULL, NULL, NULL),
  ('439', 'Anneau Or', '/assets/items/Anneau_or.webp', 0, 50, 'secondary'::item_type, NULL, NULL, NULL, NULL, NULL, NULL),
  ('440', 'Bague Emeraude', '/assets/items/Bague_emeraude.webp', 0, 50, 'secondary'::item_type, NULL, NULL, NULL, NULL, NULL, NULL),
  ('441', 'Chevalière Argent', '/assets/items/Chevaliere_argent.webp', 0, 50, 'secondary'::item_type, NULL, NULL, NULL, NULL, NULL, NULL),
  ('442', 'Bracelet Lux', '/assets/items/Bracelet.webp', 0, 40, 'secondary'::item_type, NULL, NULL, NULL, NULL, NULL, NULL),
  ('443', 'Bracelet impérial', '/assets/items/Bracelet_lux.webp', 0, 40, 'secondary'::item_type, NULL, NULL, NULL, NULL, NULL, NULL),
  ('444', 'Ceinture féminine', '/assets/items/Ceinture_feminine.webp', 360, 50, 'secondary'::item_type, NULL, NULL, NULL, NULL, NULL, NULL),
  ('445', 'Holster', '/assets/items/Holster.webp', 360, 50, 'secondary'::item_type, NULL, NULL, NULL, NULL, NULL, NULL),
  ('446', 'Collier Cyber', '/assets/items/Collier_Cyber.webp', 330, 120, 'secondary'::item_type, NULL, NULL, NULL, NULL, NULL, NULL),
  ('447', 'Cravate', '/assets/items/Cravate.webp', 360, 60, 'secondary'::item_type, NULL, NULL, NULL, NULL, NULL, NULL),
  ('448', 'Jetpack F1', '/assets/items/JET_PACK_V2_262px.webp', 220, 40, 'secondary'::item_type, NULL, NULL, NULL, NULL, NULL, NULL),
  ('449', 'Lunettes rétro', '/assets/items/Lunettes_retro.webp', 90, 20, 'secondary'::item_type, NULL, NULL, NULL, NULL, NULL, NULL),
  ('450', 'Gants Dentelles', '/assets/items/Gants_dentelle.webp', 360, 50, 'secondary'::item_type, NULL, NULL, NULL, NULL, NULL, NULL),
  ('451', 'Over-A370', '/assets/items/Over-A370.webp', 240, 60, 'secondary'::item_type, NULL, NULL, NULL, NULL, NULL, NULL),
  ('452', 'Vaychette Original', '/assets/items/Vaychette_original.webp', 350, 40, 'secondary'::item_type, NULL, NULL, NULL, NULL, NULL, NULL),
  ('453', 'Celeris K', '/assets/items/Overlongboard_5.webp', 220, 70, 'secondary'::item_type, NULL, NULL, NULL, NULL, NULL, NULL),
  ('454', 'Celeris X', '/assets/items/Overlongboard_1.webp', 220, 70, 'secondary'::item_type, NULL, NULL, NULL, NULL, NULL, NULL),
  ('455', 'Celeris W', '/assets/items/Overlongboard_4.webp', 220, 70, 'secondary'::item_type, NULL, NULL, NULL, NULL, NULL, NULL),
  ('456', 'Celeris Z', '/assets/items/Overlongboard_2.webp', 220, 70, 'secondary'::item_type, NULL, NULL, NULL, NULL, NULL, NULL)
ON CONFLICT (id) DO NOTHING;

-- Insertion des prérequis
INSERT INTO item_prerequisite (item_id, property, value) VALUES
  ('406', 'strength'::stat_property, 90),
  ('408', 'strength'::stat_property, 50),
  ('409', 'computing'::stat_property, 150),
  ('411', 'robustness'::stat_property, 130),
  ('414', 'agility'::stat_property, 110),
  ('415', 'computing'::stat_property, 150),
  ('421', 'stealth'::stat_property, 20),
  ('422', 'computing'::stat_property, 200),
  ('424', 'medicine'::stat_property, 150),
  ('434', 'agility'::stat_property, 110),
  ('434', 'robustness'::stat_property, 60),
  ('446', 'computing'::stat_property, 150),
  ('448', 'agility'::stat_property, 110),
  ('453', 'agility'::stat_property, 110),
  ('453', 'robustness'::stat_property, 60),
  ('454', 'agility'::stat_property, 110),
  ('454', 'robustness'::stat_property, 60),
  ('455', 'agility'::stat_property, 110),
  ('455', 'robustness'::stat_property, 60),
  ('456', 'agility'::stat_property, 110),
  ('456', 'robustness'::stat_property, 60)
ON CONFLICT DO NOTHING;

-- Insertion des effets
INSERT INTO item_effect (item_id, property, value) VALUES
  ('402', 'engineering'::stat_property, 21),
  ('406', 'agility'::stat_property, -2),
  ('406', 'robustness'::stat_property, 10),
  ('407', 'perception'::stat_property, 20),
  ('407', 'computing'::stat_property, 10),
  ('407', 'engineering'::stat_property, 10),
  ('408', 'agility'::stat_property, -2),
  ('408', 'robustness'::stat_property, 10),
  ('409', 'computing'::stat_property, 15),
  ('409', 'engineering'::stat_property, 7),
  ('411', 'robustness'::stat_property, 15),
  ('412', 'robustness'::stat_property, 10),
  ('412', 'agility'::stat_property, -5),
  ('413', 'robustness'::stat_property, 5),
  ('414', 'agility'::stat_property, -8),
  ('414', 'stealth'::stat_property, -15),
  ('414', 'speed'::stat_property, 1),
  ('415', 'computing'::stat_property, 25),
  ('416', 'computing'::stat_property, 25),
  ('417', 'stealth'::stat_property, 5),
  ('418', 'perception'::stat_property, 16),
  ('419', 'perception'::stat_property, -10),
  ('420', 'strength'::stat_property, 6),
  ('421', 'stealth'::stat_property, 25),
  ('422', 'computing'::stat_property, 17),
  ('422', 'engineering'::stat_property, 7),
  ('423', 'robustness'::stat_property, 8),
  ('424', 'medicine'::stat_property, 10),
  ('425', 'perception'::stat_property, 12),
  ('426', 'agility'::stat_property, -8),
  ('426', 'stealth'::stat_property, -15),
  ('426', 'speed'::stat_property, 1),
  ('427', 'strength'::stat_property, 6),
  ('427', 'stealth'::stat_property, -15),
  ('428', 'robustness'::stat_property, 15),
  ('429', 'perception'::stat_property, 16),
  ('430', 'stealth'::stat_property, 25),
  ('431', 'engineering'::stat_property, 21),
  ('432', 'medicine'::stat_property, 10),
  ('433', 'engineering'::stat_property, 7),
  ('433', 'computing'::stat_property, 15),
  ('434', 'agility'::stat_property, -8),
  ('434', 'stealth'::stat_property, -15),
  ('434', 'speed'::stat_property, 1),
  ('435', 'stealth'::stat_property, 16),
  ('436', 'strength'::stat_property, 6),
  ('446', 'computing'::stat_property, 15),
  ('446', 'engineering'::stat_property, 7),
  ('448', 'agility'::stat_property, -8),
  ('448', 'stealth'::stat_property, -15),
  ('448', 'speed'::stat_property, 1),
  ('449', 'stealth'::stat_property, 5),
  ('450', 'strength'::stat_property, 6),
  ('451', 'agility'::stat_property, -8),
  ('451', 'stealth'::stat_property, -15),
  ('451', 'speed'::stat_property, 1),
  ('452', 'strength'::stat_property, 6),
  ('453', 'agility'::stat_property, -8),
  ('453', 'stealth'::stat_property, -15),
  ('453', 'speed'::stat_property, 1),
  ('454', 'agility'::stat_property, -8),
  ('454', 'stealth'::stat_property, -15),
  ('454', 'speed'::stat_property, 1),
  ('455', 'agility'::stat_property, -8),
  ('455', 'stealth'::stat_property, -15),
  ('455', 'speed'::stat_property, 1),
  ('456', 'agility'::stat_property, -8),
  ('456', 'stealth'::stat_property, -15),
  ('456', 'speed'::stat_property, 1)
ON CONFLICT DO NOTHING;