-- Seed data pour les items de type head

-- Insertion des items
INSERT INTO item (id, name, image, tech, integrity, type, min_damage, max_damage, damage_bonus, hands, reach, hits_per_round) VALUES
  ('1', 'Bandana Jaune', '/assets/items/Bandana_jaune.webp', 300, 90, 'head'::item_type, NULL, NULL, NULL, NULL, NULL, NULL),
  ('2', 'Bonnet', '/assets/items/Bonnet.webp', 380, 90, 'head'::item_type, NULL, NULL, NULL, NULL, NULL, NULL),
  ('3', 'Cagoule Tech4', '/assets/items/COMBINAISON_TECH-4_CASQUE.webp', 330, 100, 'head'::item_type, NULL, NULL, NULL, NULL, NULL, NULL),
  ('4', 'Calot', '/assets/items/Calot.webp', 320, 65, 'head'::item_type, NULL, NULL, NULL, NULL, NULL, NULL),
  ('5', 'Casque ancien', '/assets/items/ARMURE_ANCIENNE_HEAUME.webp', 280, 180, 'head'::item_type, NULL, NULL, NULL, NULL, NULL, NULL),
  ('6', 'Casque Anti-Emeute', '/assets/items/Casque_antiemeute.webp', 320, 110, 'head'::item_type, NULL, NULL, NULL, NULL, NULL, NULL),
  ('7', 'Casque Audio V1', '/assets/items/Casque-audio-V1.webp', 380, 90, 'head'::item_type, NULL, NULL, NULL, NULL, NULL, NULL),
  ('8', 'Casque réglable', '/assets/items/Casque_dingenieur.webp', 200, 90, 'head'::item_type, NULL, NULL, NULL, NULL, NULL, NULL),
  ('9', 'Casque de Chantier', '/assets/items/Casque_de_chantier.webp', 330, 120, 'head'::item_type, NULL, NULL, NULL, NULL, NULL, NULL),
  ('10', 'Casque intégral', '/assets/items/CASQUE_PILOTE_HD.webp', 210, 100, 'head'::item_type, NULL, NULL, NULL, NULL, NULL, NULL),
  ('11', 'Casque M21', '/assets/items/Casque_m21.webp', 350, 130, 'head'::item_type, NULL, NULL, NULL, NULL, NULL, NULL),
  ('12', 'Casquette', '/assets/items/Casquette_bleu.webp', 300, 60, 'head'::item_type, NULL, NULL, NULL, NULL, NULL, NULL),
  ('13', 'Casquette Impérialiste', '/assets/items/Casquette_imperiale_HD.webp', 330, 80, 'head'::item_type, NULL, NULL, NULL, NULL, NULL, NULL),
  ('14', 'Chapeau de Shérif', '/assets/items/Chapeau_de_sherif.webp', 350, 75, 'head'::item_type, NULL, NULL, NULL, NULL, NULL, NULL),
  ('15', 'Cyber Locks bleu', '/assets/items/Cyber-locks-bleu.webp', 380, 60, 'head'::item_type, NULL, NULL, NULL, NULL, NULL, NULL),
  ('16', 'Foulard', '/assets/items/Foulard.webp', 280, 90, 'head'::item_type, NULL, NULL, NULL, NULL, NULL, NULL),
  ('17', 'Cyber-lunettes', '/assets/items/Cyber_lunettes.webp', 320, 80, 'head'::item_type, NULL, NULL, NULL, NULL, NULL, NULL),
  ('18', 'Masque à Gaz', '/assets/items/Masque_a_gaz.webp', 360, 120, 'head'::item_type, NULL, NULL, NULL, NULL, NULL, NULL),
  ('19', 'Masque d''Ecureuil', '/assets/items/Masque_decureuil.webp', 300, 60, 'head'::item_type, NULL, NULL, NULL, NULL, NULL, NULL),
  ('20', 'Masque de la Peste', '/assets/items/Masque_de_la_peste.webp', 360, 100, 'head'::item_type, NULL, NULL, NULL, NULL, NULL, NULL),
  ('21', 'Oreilles de lapin', '/assets/items/Oreilles_de_lapin.webp', 0, 10, 'head'::item_type, NULL, NULL, NULL, NULL, NULL, NULL),
  ('22', 'Perruque bleue', '/assets/items/Perruque_bleue.webp', 0, 20, 'head'::item_type, NULL, NULL, NULL, NULL, NULL, NULL),
  ('23', 'Binocle punk', '/assets/items/BINOCLES-PUNK_HD.webp', 360, 90, 'head'::item_type, NULL, NULL, NULL, NULL, NULL, NULL),
  ('24', 'Borsalino', '/assets/items/BORSALINO_HD.webp', 340, 100, 'head'::item_type, NULL, NULL, NULL, NULL, NULL, NULL),
  ('25', 'Capuche D''invibilité', '/assets/items/CAPUCHE_INVISIBILITE262.webp', 280, 80, 'head'::item_type, NULL, NULL, NULL, NULL, NULL, NULL),
  ('26', 'Casque AXXXD', '/assets/items/Casque_A300.webp', 320, 300, 'head'::item_type, NULL, NULL, NULL, NULL, NULL, NULL),
  ('27', 'Casque AXXXJ', '/assets/items/Casque_A300.webp', 330, 300, 'head'::item_type, NULL, NULL, NULL, NULL, NULL, NULL),
  ('28', 'Casque AXXXL', '/assets/items/Casque_A300.webp', 280, 300, 'head'::item_type, NULL, NULL, NULL, NULL, NULL, NULL),
  ('29', 'Casque AXXXN', '/assets/items/Casque_A300.webp', 400, 300, 'head'::item_type, NULL, NULL, NULL, NULL, NULL, NULL),
  ('30', 'Casque AXXXO', '/assets/items/Casque_A300.webp', 320, 300, 'head'::item_type, NULL, NULL, NULL, NULL, NULL, NULL),
  ('31', 'Casque AXXXP', '/assets/items/Casque_A300.webp', 280, 300, 'head'::item_type, NULL, NULL, NULL, NULL, NULL, NULL),
  ('32', 'Casque AXXXT', '/assets/items/Casque_A300.webp', 360, 300, 'head'::item_type, NULL, NULL, NULL, NULL, NULL, NULL),
  ('33', 'Haut de forme', '/assets/items/HAUT-DE-FORME_HD.webp', 400, 80, 'head'::item_type, NULL, NULL, NULL, NULL, NULL, NULL),
  ('34', 'Masque Squelette', '/assets/items/Masque_squelette.webp', 400, 130, 'head'::item_type, NULL, NULL, NULL, NULL, NULL, NULL),
  ('35', 'Respirateur', '/assets/items/RESPIRATEUR_HD.webp', 350, 150, 'head'::item_type, NULL, NULL, NULL, NULL, NULL, NULL),
  ('36', 'Combinaison Tech5', '/assets/items/COMBINAISON_TECH-5_CASQUE262.webp', 330, 150, 'head'::item_type, NULL, NULL, NULL, NULL, NULL, NULL),
  ('37', 'Chapeau pointu', '/assets/items/Chapeau_pointu.webp', 0, 5, 'head'::item_type, NULL, NULL, NULL, NULL, NULL, NULL),
  ('38', 'Cagoule', '/assets/items/Cagoule.webp', 300, 320, 'head'::item_type, NULL, NULL, NULL, NULL, NULL, NULL),
  ('39', 'Bandana Vert', '/assets/items/Bandana_vert.webp', 300, 90, 'head'::item_type, NULL, NULL, NULL, NULL, NULL, NULL),
  ('40', 'Bandana Rouge', '/assets/items/Bandana_rouge.webp', 300, 90, 'head'::item_type, NULL, NULL, NULL, NULL, NULL, NULL),
  ('41', 'Bandana Noir', '/assets/items/Bandana_noir.webp', 300, 90, 'head'::item_type, NULL, NULL, NULL, NULL, NULL, NULL),
  ('42', 'Bandana Bleu', '/assets/items/Bandana_bleu.webp', 300, 90, 'head'::item_type, NULL, NULL, NULL, NULL, NULL, NULL),
  ('43', 'Casque de Dreadball', '/assets/items/Casque_dreadball.webp', 320, 110, 'head'::item_type, NULL, NULL, NULL, NULL, NULL, NULL),
  ('44', 'Casque Audio V2', '/assets/items/Casque-audio-V2.webp', 380, 90, 'head'::item_type, NULL, NULL, NULL, NULL, NULL, NULL),
  ('45', 'Loupe Binoculaire', '/assets/items/Loupe_binoculaire.webp', 330, 120, 'head'::item_type, NULL, NULL, NULL, NULL, NULL, NULL),
  ('46', 'Casquette Noire', '/assets/items/Casquette_noir.webp', 300, 60, 'head'::item_type, NULL, NULL, NULL, NULL, NULL, NULL),
  ('47', 'Casquette de Fan', '/assets/items/Casquette_de_fan.webp', 300, 60, 'head'::item_type, NULL, NULL, NULL, NULL, NULL, NULL),
  ('48', 'Casquette Citadun', '/assets/items/Casquette_citadiun.webp', 300, 60, 'head'::item_type, NULL, NULL, NULL, NULL, NULL, NULL),
  ('49', 'Casquette Oxium', '/assets/items/Casquette_oxum.webp', 300, 60, 'head'::item_type, NULL, NULL, NULL, NULL, NULL, NULL),
  ('50', 'Cyber Locks rouge', '/assets/items/Cyber-locks-rouge.webp', 380, 60, 'head'::item_type, NULL, NULL, NULL, NULL, NULL, NULL),
  ('51', 'Masque de Rat', '/assets/items/Masque_de_rat.webp', 300, 60, 'head'::item_type, NULL, NULL, NULL, NULL, NULL, NULL),
  ('52', 'Masque Exogène', '/assets/items/MASQUE-MONSTRE_262-PX.webp', 360, 100, 'head'::item_type, NULL, NULL, NULL, NULL, NULL, NULL),
  ('53', 'Masque NO', '/assets/items/Masque_no.webp', 360, 100, 'head'::item_type, NULL, NULL, NULL, NULL, NULL, NULL),
  ('54', 'Masque Chauve-souris', '/assets/items/Masque_chauve_souris.webp', 360, 100, 'head'::item_type, NULL, NULL, NULL, NULL, NULL, NULL),
  ('55', 'Perruque rousse', '/assets/items/Perruque.webp', 0, 20, 'head'::item_type, NULL, NULL, NULL, NULL, NULL, NULL),
  ('56', 'Béret révolutionnaire', '/assets/items/Beret_revolutionnaire.webp', 330, 80, 'head'::item_type, NULL, NULL, NULL, NULL, NULL, NULL),
  ('57', 'Masque à gaz rebelle', '/assets/items/Masque_a_gaz_rebelle.webp', 360, 120, 'head'::item_type, NULL, NULL, NULL, NULL, NULL, NULL),
  ('58', 'Casque Méta', '/assets/items/Casque_meta.webp', 380, 90, 'head'::item_type, NULL, NULL, NULL, NULL, NULL, NULL)
ON CONFLICT (id) DO NOTHING;

-- Insertion des prérequis
INSERT INTO item_prerequisite (item_id, property, value) VALUES
  ('1', 'agility'::stat_property, 50),
  ('3', 'engineering'::stat_property, 150),
  ('4', 'medicine'::stat_property, 30),
  ('5', 'strength'::stat_property, 60),
  ('5', 'robustness'::stat_property, 60),
  ('6', 'robustness'::stat_property, 60),
  ('8', 'engineering'::stat_property, 130),
  ('9', 'engineering'::stat_property, 30),
  ('10', 'computing'::stat_property, 130),
  ('11', 'robustness'::stat_property, 80),
  ('11', 'perception'::stat_property, 100),
  ('16', 'agility'::stat_property, 60),
  ('16', 'stealth'::stat_property, 60),
  ('17', 'computing'::stat_property, 30),
  ('18', 'robustness'::stat_property, 50),
  ('18', 'engineering'::stat_property, 50),
  ('19', 'stealth'::stat_property, 10),
  ('20', 'robustness'::stat_property, 50),
  ('20', 'perception'::stat_property, 50),
  ('38', 'stealth'::stat_property, 125),
  ('39', 'agility'::stat_property, 50),
  ('40', 'agility'::stat_property, 50),
  ('41', 'agility'::stat_property, 50),
  ('42', 'agility'::stat_property, 50),
  ('43', 'robustness'::stat_property, 60),
  ('45', 'engineering'::stat_property, 30),
  ('51', 'stealth'::stat_property, 10),
  ('52', 'robustness'::stat_property, 50),
  ('52', 'perception'::stat_property, 50),
  ('53', 'robustness'::stat_property, 50),
  ('53', 'perception'::stat_property, 50),
  ('54', 'robustness'::stat_property, 50),
  ('54', 'perception'::stat_property, 50),
  ('57', 'robustness'::stat_property, 50),
  ('57', 'engineering'::stat_property, 50)
ON CONFLICT DO NOTHING;

-- Insertion des effets
INSERT INTO item_effect (item_id, property, value) VALUES
  ('1', 'strength'::stat_property, 8),
  ('1', 'agility'::stat_property, 7),
  ('1', 'robustness'::stat_property, -5),
  ('3', 'engineering'::stat_property, 5),
  ('4', 'medicine'::stat_property, 7),
  ('5', 'robustness'::stat_property, 12),
  ('6', 'robustness'::stat_property, 10),
  ('6', 'perception'::stat_property, -2),
  ('8', 'engineering'::stat_property, 15),
  ('9', 'engineering'::stat_property, 5),
  ('10', 'perception'::stat_property, 5),
  ('10', 'computing'::stat_property, 15),
  ('11', 'agility'::stat_property, -5),
  ('11', 'robustness'::stat_property, 5),
  ('11', 'perception'::stat_property, 5),
  ('12', 'robustness'::stat_property, -5),
  ('12', 'perception'::stat_property, 8),
  ('12', 'stealth'::stat_property, 5),
  ('13', 'agility'::stat_property, 10),
  ('13', 'robustness'::stat_property, -3),
  ('14', 'agility'::stat_property, 5),
  ('16', 'stealth'::stat_property, 14),
  ('17', 'computing'::stat_property, 9),
  ('18', 'perception'::stat_property, -5),
  ('18', 'health'::stat_property, 12),
  ('19', 'stealth'::stat_property, 9),
  ('20', 'agility'::stat_property, -2),
  ('20', 'perception'::stat_property, 6),
  ('23', 'perception'::stat_property, 6),
  ('23', 'stealth'::stat_property, 6),
  ('24', 'agility'::stat_property, 7),
  ('24', 'stealth'::stat_property, 7),
  ('25', 'stealth'::stat_property, 14),
  ('26', 'computing'::stat_property, 9),
  ('27', 'engineering'::stat_property, 5),
  ('28', 'stealth'::stat_property, 14),
  ('30', 'medicine'::stat_property, 7),
  ('31', 'robustness'::stat_property, 12),
  ('32', 'perception'::stat_property, 6),
  ('34', 'robustness'::stat_property, 4),
  ('34', 'perception'::stat_property, 4),
  ('34', 'computing'::stat_property, 3),
  ('35', 'health'::stat_property, 6),
  ('35', 'stamina'::stat_property, 6),
  ('36', 'engineering'::stat_property, 5),
  ('38', 'stealth'::stat_property, 5),
  ('39', 'strength'::stat_property, 8),
  ('39', 'agility'::stat_property, 7),
  ('39', 'robustness'::stat_property, -5),
  ('40', 'strength'::stat_property, 8),
  ('40', 'agility'::stat_property, 7),
  ('40', 'robustness'::stat_property, -5),
  ('41', 'strength'::stat_property, 8),
  ('41', 'agility'::stat_property, 7),
  ('41', 'robustness'::stat_property, -5),
  ('42', 'strength'::stat_property, 8),
  ('42', 'agility'::stat_property, 7),
  ('42', 'robustness'::stat_property, -5),
  ('43', 'robustness'::stat_property, 10),
  ('43', 'perception'::stat_property, -2),
  ('45', 'engineering'::stat_property, 5),
  ('46', 'robustness'::stat_property, -5),
  ('46', 'perception'::stat_property, 8),
  ('46', 'stealth'::stat_property, 5),
  ('47', 'robustness'::stat_property, -5),
  ('47', 'perception'::stat_property, 8),
  ('47', 'stealth'::stat_property, 5),
  ('48', 'robustness'::stat_property, -5),
  ('48', 'perception'::stat_property, 8),
  ('48', 'stealth'::stat_property, 5),
  ('49', 'robustness'::stat_property, -5),
  ('49', 'perception'::stat_property, 8),
  ('49', 'stealth'::stat_property, 5),
  ('51', 'stealth'::stat_property, 9),
  ('52', 'agility'::stat_property, -2),
  ('52', 'perception'::stat_property, 6),
  ('53', 'agility'::stat_property, -2),
  ('53', 'perception'::stat_property, 6),
  ('54', 'agility'::stat_property, -2),
  ('54', 'perception'::stat_property, 6),
  ('56', 'agility'::stat_property, 10),
  ('56', 'robustness'::stat_property, -3),
  ('57', 'perception'::stat_property, -5),
  ('57', 'health'::stat_property, 12)
ON CONFLICT DO NOTHING;