-- Seed data pour les items de type chest

-- Insertion des items
INSERT INTO item (id, name, image, tech, integrity, type, min_damage, max_damage, damage_bonus, hands, reach, hits_per_round) VALUES
  ('100', 'Armure ancienne', '/assets/items/Armure-ancienne_HD.webp', 350, 150, 'chest'::item_type, NULL, NULL, NULL, NULL, NULL, NULL),
  ('101', 'Armure dermique', '/assets/items/ARMURE_DERMIQUE_HD.webp', 350, 150, 'chest'::item_type, NULL, NULL, NULL, NULL, NULL, NULL),
  ('102', 'Armure de dreadball', '/assets/items/Armure_dreadball.webp', 330, 135, 'chest'::item_type, NULL, NULL, NULL, NULL, NULL, NULL),
  ('103', 'Armure tactique SI', '/assets/items/Armure_tactique_SI.webp', 300, 135, 'chest'::item_type, NULL, NULL, NULL, NULL, NULL, NULL),
  ('104', 'Cuirasse', '/assets/items/Cuirasse_en_titane.webp', 400, 250, 'chest'::item_type, NULL, NULL, NULL, NULL, NULL, NULL),
  ('105', 'Cuirasse en cristal', '/assets/items/Cuirasse_cristal2.webp', 380, 220, 'chest'::item_type, NULL, NULL, NULL, NULL, NULL, NULL),
  ('106', 'Kevlar', '/assets/items/ASSETS_KEVLAR_262-PX.webp', 350, 150, 'chest'::item_type, NULL, NULL, NULL, NULL, NULL, NULL),
  ('107', 'Armure ø-MED-001', '/assets/items/ASU_ARMURE_MEDIC_262px.webp', 320, 180, 'chest'::item_type, NULL, NULL, NULL, NULL, NULL, NULL),
  ('108', 'Armure ø-ING-001', '/assets/items/ASU_ARMURE_INGE_262px.webp', 360, 200, 'chest'::item_type, NULL, NULL, NULL, NULL, NULL, NULL),
  ('109', 'Armure ø-INF-001', '/assets/items/ASU_ARMURE_INF_262px.webp', 320, 220, 'chest'::item_type, NULL, NULL, NULL, NULL, NULL, NULL),
  ('110', 'Armure ø-FO-001', '/assets/items/ASU_ARMURE_COMBAT_262.webp', 350, 200, 'chest'::item_type, NULL, NULL, NULL, NULL, NULL, NULL),
  ('111', 'Blouson noir', '/assets/items/Blouson_noir.webp', 350, 100, 'chest'::item_type, NULL, NULL, NULL, NULL, NULL, NULL),
  ('112', 'Cosmo', '/assets/items/COSMO2.webp', 400, 110, 'chest'::item_type, NULL, NULL, NULL, NULL, NULL, NULL),
  ('113', 'Costume', '/assets/items/Costume_3.webp', 200, 60, 'chest'::item_type, NULL, NULL, NULL, NULL, NULL, NULL),
  ('114', 'Veste de cérémonie', '/assets/items/Veste_de_Cérémonie.webp', 320, 80, 'chest'::item_type, NULL, NULL, NULL, NULL, NULL, NULL),
  ('115', 'Veste en cuir', '/assets/items/Blouson_cuir.webp', 350, 120, 'chest'::item_type, NULL, NULL, NULL, NULL, NULL, NULL),
  ('116', 'Tailleur Bijela', '/assets/items/Tailleur_Bijela.webp', 200, 90, 'chest'::item_type, NULL, NULL, NULL, NULL, NULL, NULL),
  ('117', 'Trench-coat', '/assets/items/TRENCH-COAT2.webp', 360, 120, 'chest'::item_type, NULL, NULL, NULL, NULL, NULL, NULL),
  ('118', 'Veste Muyang', '/assets/items/Veste_muyang.webp', 250, 60, 'chest'::item_type, NULL, NULL, NULL, NULL, NULL, NULL),
  ('119', 'Manteau Muyang', '/assets/items/Manteau_muyang.webp', 350, 60, 'chest'::item_type, NULL, NULL, NULL, NULL, NULL, NULL),
  ('120', 'Costume Buss', '/assets/items/Costumebuss.webp', 200, 60, 'chest'::item_type, NULL, NULL, NULL, NULL, NULL, NULL),
  ('121', 'Robe rubanée', '/assets/items/Robe_rubanée.webp', 350, 60, 'chest'::item_type, NULL, NULL, NULL, NULL, NULL, NULL),
  ('122', 'Robe carbone', '/assets/items/Robe_carbone.webp', 350, 150, 'chest'::item_type, NULL, NULL, NULL, NULL, NULL, NULL),
  ('123', 'Robe fendue', '/assets/items/Robe_fendue.webp', 250, 65, 'chest'::item_type, NULL, NULL, NULL, NULL, NULL, NULL),
  ('124', 'Haut de Robe rouge', '/assets/items/Robe-longue-haut.webp', 300, 60, 'chest'::item_type, NULL, NULL, NULL, NULL, NULL, NULL),
  ('125', 'Soutien Gorge connecté', '/assets/items/Soutien_gorge_connecte.webp', 400, 100, 'chest'::item_type, NULL, NULL, NULL, NULL, NULL, NULL),
  ('126', 'Soutien Gorge sexy', '/assets/items/Soutien_gorge_sexy.webp', 250, 60, 'chest'::item_type, NULL, NULL, NULL, NULL, NULL, NULL),
  ('127', 'Chemise d''éveil (F)', '/assets/items/Chemise_éveil_femme.webp', 0, 0, 'chest'::item_type, NULL, NULL, NULL, NULL, NULL, NULL),
  ('128', 'Débardeur', '/assets/items/Debardeur_homme.webp', 350, 60, 'chest'::item_type, NULL, NULL, NULL, NULL, NULL, NULL),
  ('129', 'Chemisier', '/assets/items/ASSETS_chemise_01_262-PX.webp', 350, 60, 'chest'::item_type, NULL, NULL, NULL, NULL, NULL, NULL),
  ('130', 'Sweat', '/assets/items/Sweat.webp', 400, 80, 'chest'::item_type, NULL, NULL, NULL, NULL, NULL, NULL),
  ('131', 'Tenue de Taulard', '/assets/items/Tenuetaulard.webp', 120, 15, 'chest'::item_type, NULL, NULL, NULL, NULL, NULL, NULL),
  ('132', 'Tenue de Prisonnier', '/assets/items/34tenue_prisonnier.webp', 320, 60, 'chest'::item_type, NULL, NULL, NULL, NULL, NULL, NULL),
  ('133', 'Veste Médicale (H)', '/assets/items/medecin-torse-homme.webp', 320, 60, 'chest'::item_type, NULL, NULL, NULL, NULL, NULL, NULL),
  ('134', 'Blouse Blanche', '/assets/items/Blouse.webp', 250, 80, 'chest'::item_type, NULL, NULL, NULL, NULL, NULL, NULL),
  ('135', 'Cyber Veste', '/assets/items/COSTUME_HACKER_262px.webp', 320, 90, 'chest'::item_type, NULL, NULL, NULL, NULL, NULL, NULL),
  ('136', 'Exo Buste de Chantier (H)', '/assets/items/exosquelette-torse-homme.webp', 360, 120, 'chest'::item_type, NULL, NULL, NULL, NULL, NULL, NULL),
  ('137', 'Combinaison TECH4', '/assets/items/COMBINAISON_TECH-4.webp', 200, 100, 'chest'::item_type, NULL, NULL, NULL, NULL, NULL, NULL),
  ('138', 'Combinaison TECH5', '/assets/items/CombiTECH5.webp', 200, 150, 'chest'::item_type, NULL, NULL, NULL, NULL, NULL, NULL),
  ('139', 'Uniforme de police', '/assets/items/Uniforme-police.webp', 0, 300, 'chest'::item_type, NULL, NULL, NULL, NULL, NULL, NULL),
  ('140', 'Armure technologique', '/assets/items/Armure-techno.webp', 400, 120, 'chest'::item_type, NULL, NULL, NULL, NULL, NULL, NULL),
  ('141', 'Combinaison Squelette', '/assets/items/Combinaisonsquelette.webp', 400, 130, 'chest'::item_type, NULL, NULL, NULL, NULL, NULL, NULL),
  ('142', 'Armure AXXXN', '/assets/items/Armure_A300.webp', 350, 300, 'chest'::item_type, NULL, NULL, NULL, NULL, NULL, NULL),
  ('143', 'Armure AXXXP', '/assets/items/Armure_A300.webp', 400, 300, 'chest'::item_type, NULL, NULL, NULL, NULL, NULL, NULL),
  ('144', 'Armure AXXXT', '/assets/items/Armure_A300.webp', 400, 300, 'chest'::item_type, NULL, NULL, NULL, NULL, NULL, NULL),
  ('145', 'Armure AXXXL', '/assets/items/Armure_A300.webp', 360, 300, 'chest'::item_type, NULL, NULL, NULL, NULL, NULL, NULL),
  ('146', 'Armure AXXXJ', '/assets/items/Armure_A300.webp', 340, 300, 'chest'::item_type, NULL, NULL, NULL, NULL, NULL, NULL),
  ('147', 'Armure AXXXO', '/assets/items/Armure_A300.webp', 320, 300, 'chest'::item_type, NULL, NULL, NULL, NULL, NULL, NULL),
  ('148', 'Armure AXXXD', '/assets/items/Armure_A300.webp', 320, 300, 'chest'::item_type, NULL, NULL, NULL, NULL, NULL, NULL),
  ('149', 'Chemise', '/assets/items/CHEMISE_262px.webp', 350, 60, 'chest'::item_type, NULL, NULL, NULL, NULL, NULL, NULL),
  ('150', 'Blouson bleu', '/assets/items/blouson_bleu.webp', 350, 100, 'chest'::item_type, NULL, NULL, NULL, NULL, NULL, NULL),
  ('151', 'Blouson rouge', '/assets/items/blouson_rouge.webp', 350, 100, 'chest'::item_type, NULL, NULL, NULL, NULL, NULL, NULL),
  ('152', 'Blouson vert', '/assets/items/blouson_vert.webp', 350, 100, 'chest'::item_type, NULL, NULL, NULL, NULL, NULL, NULL),
  ('153', 'Veste décontractée', '/assets/items/Veste_décontractée.webp', 350, 100, 'chest'::item_type, NULL, NULL, NULL, NULL, NULL, NULL),
  ('154', 'Cosmopolitain', '/assets/items/trench_marron.webp', 400, 110, 'chest'::item_type, NULL, NULL, NULL, NULL, NULL, NULL),
  ('155', 'Cosmo étanche', '/assets/items/trench_gris.webp', 400, 110, 'chest'::item_type, NULL, NULL, NULL, NULL, NULL, NULL),
  ('156', 'Cosmo velour', '/assets/items/trench_bleu.webp', 400, 110, 'chest'::item_type, NULL, NULL, NULL, NULL, NULL, NULL),
  ('157', 'Manteau Anapurnol bleu', '/assets/items/manteau_fourrure_1.webp', 400, 110, 'chest'::item_type, NULL, NULL, NULL, NULL, NULL, NULL),
  ('158', 'Manteau Anapurnol', '/assets/items/manteau_fourrure_2.webp', 400, 110, 'chest'::item_type, NULL, NULL, NULL, NULL, NULL, NULL),
  ('159', 'Veste Rad'' (M)', '/assets/items/Vestecuir_radioactive_homme.webp', 400, 110, 'chest'::item_type, NULL, NULL, NULL, NULL, NULL, NULL),
  ('160', 'Veste Rad'' (F)', '/assets/items/Vestecuir_radioactive_femme.webp', 400, 110, 'chest'::item_type, NULL, NULL, NULL, NULL, NULL, NULL),
  ('161', 'Tailleur', '/assets/items/Costume_femme.webp', 200, 60, 'chest'::item_type, NULL, NULL, NULL, NULL, NULL, NULL),
  ('162', 'Veste en cuir noir', '/assets/items/Blouson_motard.webp', 350, 120, 'chest'::item_type, NULL, NULL, NULL, NULL, NULL, NULL),
  ('163', 'Veste en cuir rouge', '/assets/items/Blouson_cuir-rouge.webp', 350, 120, 'chest'::item_type, NULL, NULL, NULL, NULL, NULL, NULL),
  ('164', 'Gros cuir', '/assets/items/Groscuir.webp', 350, 120, 'chest'::item_type, NULL, NULL, NULL, NULL, NULL, NULL),
  ('165', 'Robe noire', '/assets/items/Robe_sexy-1-noire.webp', 250, 65, 'chest'::item_type, NULL, NULL, NULL, NULL, NULL, NULL),
  ('166', 'Haut de Robe néon', '/assets/items/Robe-class-or-haut.webp', 300, 60, 'chest'::item_type, NULL, NULL, NULL, NULL, NULL, NULL),
  ('167', 'Mini Robe', '/assets/items/Mini_Robe.webp', 300, 60, 'chest'::item_type, NULL, NULL, NULL, NULL, NULL, NULL),
  ('168', 'Soutien Gorge Écureuil', '/assets/items/Soutiengorgeecureuil.webp', 250, 60, 'chest'::item_type, NULL, NULL, NULL, NULL, NULL, NULL),
  ('169', 'Chemise d''éveil (M)', '/assets/items/Chemise_éveil_homme.webp', 0, 0, 'chest'::item_type, NULL, NULL, NULL, NULL, NULL, NULL),
  ('170', 'Débardeur Femme', '/assets/items/DEBARDEUR_FEMME.webp', 350, 60, 'chest'::item_type, NULL, NULL, NULL, NULL, NULL, NULL),
  ('171', 'Débardeur Rascal', '/assets/items/Debardeur_rascal.webp', 350, 60, 'chest'::item_type, NULL, NULL, NULL, NULL, NULL, NULL),
  ('172', 'Débardeur Squidzilla', '/assets/items/Squidzilla.webp', 350, 60, 'chest'::item_type, NULL, NULL, NULL, NULL, NULL, NULL),
  ('173', 'Débardeur C.Com', '/assets/items/Ccom.webp', 350, 60, 'chest'::item_type, NULL, NULL, NULL, NULL, NULL, NULL),
  ('174', 'Débardeur Utopia', '/assets/items/Utopia.webp', 350, 60, 'chest'::item_type, NULL, NULL, NULL, NULL, NULL, NULL),
  ('175', 'Débardeur Engrenage', '/assets/items/D-engrenage.webp', 350, 60, 'chest'::item_type, NULL, NULL, NULL, NULL, NULL, NULL),
  ('176', 'Débardeur Otis', '/assets/items/Otis.webp', 350, 60, 'chest'::item_type, NULL, NULL, NULL, NULL, NULL, NULL),
  ('177', 'Débardeur 3.14', '/assets/items/Debardeur_pi.webp', 350, 60, 'chest'::item_type, NULL, NULL, NULL, NULL, NULL, NULL),
  ('178', 'Débardeur Onix', '/assets/items/Debardeur_onix.webp', 350, 60, 'chest'::item_type, NULL, NULL, NULL, NULL, NULL, NULL),
  ('179', 'Débardeur Sénéchal', '/assets/items/Debardeur_senechal.webp', 350, 60, 'chest'::item_type, NULL, NULL, NULL, NULL, NULL, NULL),
  ('180', 'T-shirt de Dreadball (H)', '/assets/items/T-shirt_dreadball.webp', 350, 60, 'chest'::item_type, NULL, NULL, NULL, NULL, NULL, NULL),
  ('181', 'T-shirt de Dreadball (F)', '/assets/items/T-shirt_dreadball_femme.webp', 350, 60, 'chest'::item_type, NULL, NULL, NULL, NULL, NULL, NULL),
  ('182', 'T-shirt de grand fan', '/assets/items/Tshirt_de_grand_fan.webp', 350, 60, 'chest'::item_type, NULL, NULL, NULL, NULL, NULL, NULL),
  ('183', 'Débardeur long', '/assets/items/DEBARDEUR_LONG.webp', 350, 60, 'chest'::item_type, NULL, NULL, NULL, NULL, NULL, NULL),
  ('184', 'Veste Médicale (F)', '/assets/items/medecin-torse-femme.webp', 320, 60, 'chest'::item_type, NULL, NULL, NULL, NULL, NULL, NULL),
  ('185', 'Cyber-Veste (H)', '/assets/items/decker-torse-homme.webp', 320, 90, 'chest'::item_type, NULL, NULL, NULL, NULL, NULL, NULL),
  ('186', 'Cyber-Veste (F)', '/assets/items/decker-torse-femme.webp', 320, 90, 'chest'::item_type, NULL, NULL, NULL, NULL, NULL, NULL),
  ('187', 'Exo Buste de Chantier (F)', '/assets/items/exosquelette-torse-femme.webp', 360, 120, 'chest'::item_type, NULL, NULL, NULL, NULL, NULL, NULL),
  ('188', 'Veste à Poches (H)', '/assets/items/Mecano-torse_homme.webp', 360, 120, 'chest'::item_type, NULL, NULL, NULL, NULL, NULL, NULL),
  ('189', 'Veste à Poches (F)', '/assets/items/Mecano-torse-femme.webp', 360, 120, 'chest'::item_type, NULL, NULL, NULL, NULL, NULL, NULL),
  ('190', 'T-shirt de fan', '/assets/items/T-SHIRT-FAN262.webp', 350, 60, 'chest'::item_type, NULL, NULL, NULL, NULL, NULL, NULL),
  ('191', 'Armure tactique SR', '/assets/items/Armure_tactique_SR.webp', 300, 135, 'chest'::item_type, NULL, NULL, NULL, NULL, NULL, NULL),
  ('192', 'Uniforme de frelon', '/assets/items/Uniforme_de_frelon.webp', 0, 300, 'chest'::item_type, NULL, NULL, NULL, NULL, NULL, NULL),
  ('193', 'Cuir Rouge', '/assets/items/Blouson_cuir-rouge.webp', 350, 100, 'chest'::item_type, NULL, NULL, NULL, NULL, NULL, NULL)
ON CONFLICT (id) DO NOTHING;

-- Insertion des prérequis
INSERT INTO item_prerequisite (item_id, property, value) VALUES
  ('100', 'strength'::stat_property, 120),
  ('100', 'robustness'::stat_property, 120),
  ('102', 'strength'::stat_property, 105),
  ('102', 'robustness'::stat_property, 105),
  ('103', 'strength'::stat_property, 105),
  ('103', 'robustness'::stat_property, 105),
  ('104', 'strength'::stat_property, 120),
  ('104', 'robustness'::stat_property, 160),
  ('106', 'strength'::stat_property, 60),
  ('106', 'robustness'::stat_property, 60),
  ('112', 'strength'::stat_property, 50),
  ('112', 'agility'::stat_property, 50),
  ('115', 'agility'::stat_property, 10),
  ('115', 'robustness'::stat_property, 20),
  ('117', 'robustness'::stat_property, 60),
  ('117', 'stealth'::stat_property, 30),
  ('122', 'strength'::stat_property, 60),
  ('122', 'robustness'::stat_property, 60),
  ('124', 'agility'::stat_property, 60),
  ('125', 'computing'::stat_property, 50),
  ('133', 'medicine'::stat_property, 30),
  ('135', 'computing'::stat_property, 30),
  ('136', 'engineering'::stat_property, 30),
  ('137', 'engineering'::stat_property, 150),
  ('154', 'strength'::stat_property, 50),
  ('154', 'agility'::stat_property, 50),
  ('155', 'strength'::stat_property, 50),
  ('155', 'agility'::stat_property, 50),
  ('156', 'strength'::stat_property, 50),
  ('156', 'agility'::stat_property, 50),
  ('157', 'strength'::stat_property, 50),
  ('157', 'agility'::stat_property, 50),
  ('158', 'strength'::stat_property, 50),
  ('158', 'agility'::stat_property, 50),
  ('159', 'strength'::stat_property, 50),
  ('159', 'agility'::stat_property, 50),
  ('160', 'strength'::stat_property, 50),
  ('160', 'agility'::stat_property, 50),
  ('162', 'agility'::stat_property, 10),
  ('162', 'robustness'::stat_property, 20),
  ('163', 'agility'::stat_property, 10),
  ('163', 'robustness'::stat_property, 20),
  ('164', 'agility'::stat_property, 10),
  ('164', 'robustness'::stat_property, 20),
  ('166', 'agility'::stat_property, 60),
  ('167', 'agility'::stat_property, 60),
  ('184', 'medicine'::stat_property, 30),
  ('185', 'computing'::stat_property, 30),
  ('186', 'computing'::stat_property, 30),
  ('187', 'engineering'::stat_property, 30),
  ('188', 'engineering'::stat_property, 30),
  ('189', 'engineering'::stat_property, 30),
  ('191', 'strength'::stat_property, 105),
  ('191', 'robustness'::stat_property, 105),
  ('193', 'agility'::stat_property, 10),
  ('193', 'robustness'::stat_property, 20)
ON CONFLICT DO NOTHING;

-- Insertion des effets
INSERT INTO item_effect (item_id, property, value) VALUES
  ('100', 'strength'::stat_property, 5),
  ('100', 'agility'::stat_property, -5),
  ('100', 'robustness'::stat_property, 10),
  ('101', 'strength'::stat_property, 5),
  ('101', 'agility'::stat_property, 3),
  ('102', 'robustness'::stat_property, 15),
  ('102', 'agility'::stat_property, -5),
  ('103', 'robustness'::stat_property, 15),
  ('104', 'robustness'::stat_property, 25),
  ('104', 'agility'::stat_property, -15),
  ('105', 'robustness'::stat_property, 20),
  ('105', 'agility'::stat_property, -10),
  ('106', 'robustness'::stat_property, 10),
  ('107', 'medicine'::stat_property, 24),
  ('107', 'stealth'::stat_property, -12),
  ('108', 'engineering'::stat_property, 14),
  ('109', 'computing'::stat_property, 18),
  ('110', 'strength'::stat_property, 15),
  ('110', 'agility'::stat_property, 3),
  ('111', 'agility'::stat_property, 5),
  ('113', 'computing'::stat_property, 15),
  ('114', 'strength'::stat_property, -4),
  ('114', 'agility'::stat_property, 10),
  ('115', 'robustness'::stat_property, 5),
  ('116', 'computing'::stat_property, 15),
  ('117', 'robustness'::stat_property, 4),
  ('117', 'stealth'::stat_property, 4),
  ('118', 'health'::stat_property, 12),
  ('118', 'stealth'::stat_property, -12),
  ('119', 'stealth'::stat_property, -12),
  ('120', 'computing'::stat_property, 15),
  ('121', 'stealth'::stat_property, -10),
  ('122', 'robustness'::stat_property, 10),
  ('123', 'health'::stat_property, 12),
  ('123', 'stealth'::stat_property, -10),
  ('128', 'agility'::stat_property, 5),
  ('128', 'robustness'::stat_property, -5),
  ('129', 'agility'::stat_property, 5),
  ('129', 'robustness'::stat_property, -5),
  ('133', 'stealth'::stat_property, -12),
  ('133', 'medicine'::stat_property, 14),
  ('134', 'medicine'::stat_property, 6),
  ('134', 'stamina'::stat_property, 10),
  ('135', 'agility'::stat_property, 8),
  ('135', 'computing'::stat_property, 8),
  ('136', 'engineering'::stat_property, 4),
  ('137', 'agility'::stat_property, -5),
  ('137', 'perception'::stat_property, -5),
  ('137', 'stealth'::stat_property, -5),
  ('137', 'engineering'::stat_property, 20),
  ('138', 'agility'::stat_property, -5),
  ('138', 'perception'::stat_property, -5),
  ('138', 'stealth'::stat_property, -5),
  ('138', 'engineering'::stat_property, 20),
  ('139', 'robustness'::stat_property, 30),
  ('139', 'computing'::stat_property, 30),
  ('139', 'stamina'::stat_property, 30),
  ('139', 'stealth'::stat_property, -30),
  ('140', 'computing'::stat_property, 10),
  ('140', 'stealth'::stat_property, -10),
  ('141', 'strength'::stat_property, 4),
  ('141', 'agility'::stat_property, -2),
  ('141', 'robustness'::stat_property, 4),
  ('142', 'strength'::stat_property, 5),
  ('142', 'agility'::stat_property, 3),
  ('143', 'agility'::stat_property, -15),
  ('143', 'strength'::stat_property, 25),
  ('145', 'robustness'::stat_property, 4),
  ('145', 'stealth'::stat_property, 4),
  ('146', 'engineering'::stat_property, 4),
  ('147', 'stealth'::stat_property, -12),
  ('147', 'medicine'::stat_property, 14),
  ('148', 'agility'::stat_property, 8),
  ('148', 'computing'::stat_property, 8),
  ('149', 'agility'::stat_property, 5),
  ('149', 'robustness'::stat_property, -5),
  ('150', 'agility'::stat_property, 5),
  ('151', 'agility'::stat_property, 5),
  ('152', 'agility'::stat_property, 5),
  ('153', 'agility'::stat_property, 5),
  ('161', 'computing'::stat_property, 15),
  ('162', 'robustness'::stat_property, 5),
  ('163', 'robustness'::stat_property, 5),
  ('164', 'robustness'::stat_property, 5),
  ('165', 'health'::stat_property, 12),
  ('165', 'stealth'::stat_property, -10),
  ('170', 'agility'::stat_property, 5),
  ('170', 'robustness'::stat_property, -5),
  ('171', 'agility'::stat_property, 5),
  ('171', 'robustness'::stat_property, -5),
  ('172', 'agility'::stat_property, 5),
  ('172', 'robustness'::stat_property, -5),
  ('173', 'agility'::stat_property, 5),
  ('173', 'robustness'::stat_property, -5),
  ('174', 'agility'::stat_property, 5),
  ('174', 'robustness'::stat_property, -5),
  ('175', 'agility'::stat_property, 5),
  ('175', 'robustness'::stat_property, -5),
  ('176', 'agility'::stat_property, 5),
  ('176', 'robustness'::stat_property, -5),
  ('177', 'agility'::stat_property, 5),
  ('177', 'robustness'::stat_property, -5),
  ('178', 'agility'::stat_property, 5),
  ('178', 'robustness'::stat_property, -5),
  ('179', 'agility'::stat_property, 5),
  ('179', 'robustness'::stat_property, -5),
  ('180', 'agility'::stat_property, 5),
  ('180', 'robustness'::stat_property, -5),
  ('181', 'agility'::stat_property, 5),
  ('181', 'robustness'::stat_property, -5),
  ('182', 'agility'::stat_property, 5),
  ('182', 'robustness'::stat_property, -5),
  ('183', 'agility'::stat_property, 5),
  ('183', 'robustness'::stat_property, -5),
  ('184', 'stealth'::stat_property, -12),
  ('184', 'medicine'::stat_property, 14),
  ('185', 'agility'::stat_property, 8),
  ('185', 'computing'::stat_property, 8),
  ('186', 'agility'::stat_property, 8),
  ('186', 'computing'::stat_property, 8),
  ('187', 'engineering'::stat_property, 4),
  ('188', 'engineering'::stat_property, 4),
  ('189', 'engineering'::stat_property, 4),
  ('190', 'agility'::stat_property, 5),
  ('191', 'robustness'::stat_property, 15),
  ('192', 'robustness'::stat_property, 30),
  ('192', 'health'::stat_property, 30),
  ('192', 'engineering'::stat_property, 30),
  ('192', 'stealth'::stat_property, -30),
  ('193', 'robustness'::stat_property, 5)
ON CONFLICT DO NOTHING;