-- Seed data pour les items de type legs

-- Insertion des items
INSERT INTO item (id, name, image, tech, integrity, type, min_damage, max_damage, damage_bonus, hands, reach, hits_per_round) VALUES
  ('200', 'Bas de robe néon', '/assets/items/Bas_de_robe_neon.webp', 300, 60, 'legs'::item_type, NULL, NULL, NULL, NULL, NULL, NULL),
  ('201', 'Bas élégants', '/assets/items/ASSETS_Bas_sexy_262-PX.webp', 350, 50, 'legs'::item_type, NULL, NULL, NULL, NULL, NULL, NULL),
  ('202', 'Boxer Moulant', '/assets/items/Boxermoulant.webp', 250, 60, 'legs'::item_type, NULL, NULL, NULL, NULL, NULL, NULL),
  ('203', 'Collants Dermiques', '/assets/items/Collants_dermiques.webp', 320, 75, 'legs'::item_type, NULL, NULL, NULL, NULL, NULL, NULL),
  ('204', 'Cyber-futal', '/assets/items/Decker-jambe.webp', 340, 80, 'legs'::item_type, NULL, NULL, NULL, NULL, NULL, NULL),
  ('205', 'Exo-Jambières', '/assets/items/Exo_jambieres.webp', 400, 120, 'legs'::item_type, NULL, NULL, NULL, NULL, NULL, NULL),
  ('206', 'Exo-Jambières de chantier', '/assets/items/Exo-jambieres_de_chantier.webp', 340, 120, 'legs'::item_type, NULL, NULL, NULL, NULL, NULL, NULL),
  ('207', 'Gode-ceinture', '/assets/items/Gode-ceinture.webp', 69, 69, 'legs'::item_type, NULL, NULL, NULL, NULL, NULL, NULL),
  ('208', 'Jambières sanguinaires', '/assets/items/Jambieres_sanguinaires.webp', 330, 110, 'legs'::item_type, NULL, NULL, NULL, NULL, NULL, NULL),
  ('209', 'Jambières Runner', '/assets/items/Jambieres_runner.webp', 330, 100, 'legs'::item_type, NULL, NULL, NULL, NULL, NULL, NULL),
  ('210', 'Jambières Techno', '/assets/items/Jambieres_tecno.webp', 340, 110, 'legs'::item_type, NULL, NULL, NULL, NULL, NULL, NULL),
  ('211', 'Jean Lev', '/assets/items/Jean.webp', 320, 80, 'legs'::item_type, NULL, NULL, NULL, NULL, NULL, NULL),
  ('212', 'Jupe Hansen', '/assets/items/Jupe_hansen.webp', 280, 60, 'legs'::item_type, NULL, NULL, NULL, NULL, NULL, NULL),
  ('213', 'Jupe Métal', '/assets/items/Jupe_metal.webp', 300, 90, 'legs'::item_type, NULL, NULL, NULL, NULL, NULL, NULL),
  ('214', 'Jupe Muxo', '/assets/items/JUPE_MUXO.webp', 380, 70, 'legs'::item_type, NULL, NULL, NULL, NULL, NULL, NULL),
  ('215', 'Jupe Muyang', '/assets/items/Jupe_muyang.webp', 340, 60, 'legs'::item_type, NULL, NULL, NULL, NULL, NULL, NULL),
  ('216', 'Minishort', '/assets/items/Minishort.webp', 300, 65, 'legs'::item_type, NULL, NULL, NULL, NULL, NULL, NULL),
  ('217', 'Pantalon à poche', '/assets/items/Pantalon_a_poches.webp', 340, 120, 'legs'::item_type, NULL, NULL, NULL, NULL, NULL, NULL),
  ('218', 'Pantalon Bijela', '/assets/items/Pantalon_Bijela.webp', 350, 70, 'legs'::item_type, NULL, NULL, NULL, NULL, NULL, NULL),
  ('219', 'Pantalon Cosmopolitain', '/assets/items/Pantalon_cosmopolitain.webp', 330, 90, 'legs'::item_type, NULL, NULL, NULL, NULL, NULL, NULL),
  ('220', 'Pantalon Cyber', '/assets/items/Pantalon_cyber.webp', 360, 90, 'legs'::item_type, NULL, NULL, NULL, NULL, NULL, NULL),
  ('221', 'Pantalon Cyber', '/assets/items/Pantalon_cyber.webp', 310, 85, 'legs'::item_type, NULL, NULL, NULL, NULL, NULL, NULL),
  ('222', 'Pantalons d''éveil (M)', '/assets/items/Pantalon_deveil_H.webp', 0, 0, 'legs'::item_type, NULL, NULL, NULL, NULL, NULL, NULL),
  ('223', 'Pantalon Eye', '/assets/items/Pantalon_eye.webp', 400, 90, 'legs'::item_type, NULL, NULL, NULL, NULL, NULL, NULL),
  ('224', 'Pantalon médical', '/assets/items/Pantalon_medical.webp', 320, 80, 'legs'::item_type, NULL, NULL, NULL, NULL, NULL, NULL),
  ('225', 'Short Abimé', '/assets/items/Short_abime.webp', 250, 30, 'legs'::item_type, NULL, NULL, NULL, NULL, NULL, NULL),
  ('226', 'Short Boxe', '/assets/items/Short_boxe.webp', 350, 60, 'legs'::item_type, NULL, NULL, NULL, NULL, NULL, NULL),
  ('227', 'Short Cyt', '/assets/items/Short_cyt.webp', 340, 65, 'legs'::item_type, NULL, NULL, NULL, NULL, NULL, NULL),
  ('228', 'Short Standard', '/assets/items/Short_standard.webp', 380, 70, 'legs'::item_type, NULL, NULL, NULL, NULL, NULL, NULL),
  ('229', 'Slip Écureuil', '/assets/items/Slip_ecureuil.webp', 300, 65, 'legs'::item_type, NULL, NULL, NULL, NULL, NULL, NULL),
  ('230', 'String Connecté', '/assets/items/Stringconnecte.webp', 400, 100, 'legs'::item_type, NULL, NULL, NULL, NULL, NULL, NULL),
  ('231', 'String Sexy', '/assets/items/Stringsexy.webp', 250, 60, 'legs'::item_type, NULL, NULL, NULL, NULL, NULL, NULL),
  ('232', 'Jambières squelette', '/assets/items/Jambieresquelette.webp', 400, 130, 'legs'::item_type, NULL, NULL, NULL, NULL, NULL, NULL),
  ('233', 'Pantalon AXXXN', '/assets/items/Pantalon_01.webp', 330, 300, 'legs'::item_type, NULL, NULL, NULL, NULL, NULL, NULL),
  ('234', 'Pantalon AXXXP', '/assets/items/Pantalon_01.webp', 400, 300, 'legs'::item_type, NULL, NULL, NULL, NULL, NULL, NULL),
  ('235', 'Pantalon AXXXL', '/assets/items/Pantalon_01.webp', 360, 300, 'legs'::item_type, NULL, NULL, NULL, NULL, NULL, NULL),
  ('236', 'Pantalon AXXXJ', '/assets/items/Pantalon_01.webp', 360, 300, 'legs'::item_type, NULL, NULL, NULL, NULL, NULL, NULL),
  ('237', 'Pantalon AXXXO', '/assets/items/Pantalon_01.webp', 320, 300, 'legs'::item_type, NULL, NULL, NULL, NULL, NULL, NULL),
  ('238', 'Pantalon AXXXD', '/assets/items/Pantalon_01.webp', 330, 300, 'legs'::item_type, NULL, NULL, NULL, NULL, NULL, NULL),
  ('239', 'Bas de robe rouge', '/assets/items/Bas_robe_rouge.webp', 300, 60, 'legs'::item_type, NULL, NULL, NULL, NULL, NULL, NULL),
  ('240', 'Collants standard', '/assets/items/Collants_standard.webp', 320, 75, 'legs'::item_type, NULL, NULL, NULL, NULL, NULL, NULL),
  ('241', 'Jambières Dreadball', '/assets/items/Jambieres_dreadball.webp', 330, 110, 'legs'::item_type, NULL, NULL, NULL, NULL, NULL, NULL),
  ('242', 'Jean Lev2', '/assets/items/Jean_rouge.webp', 320, 80, 'legs'::item_type, NULL, NULL, NULL, NULL, NULL, NULL),
  ('243', 'Jean Lev Black', '/assets/items/Jean_noir.webp', 320, 80, 'legs'::item_type, NULL, NULL, NULL, NULL, NULL, NULL),
  ('244', 'Jupe Keÿlt', '/assets/items/Jupe_keylt.webp', 280, 60, 'legs'::item_type, NULL, NULL, NULL, NULL, NULL, NULL),
  ('245', 'Jupe Plissée', '/assets/items/Jupe_plissee.webp', 280, 60, 'legs'::item_type, NULL, NULL, NULL, NULL, NULL, NULL),
  ('246', 'Pantalon de Costume', '/assets/items/Pantalon_costume.webp', 350, 70, 'legs'::item_type, NULL, NULL, NULL, NULL, NULL, NULL),
  ('247', 'Pantalon de Tailleur', '/assets/items/Pantalon_tailleur.webp', 350, 70, 'legs'::item_type, NULL, NULL, NULL, NULL, NULL, NULL),
  ('248', 'Pantalon de Chasseur', '/assets/items/Pantalon_chasseur.webp', 360, 90, 'legs'::item_type, NULL, NULL, NULL, NULL, NULL, NULL),
  ('249', 'Pantalon Keynes Mills', '/assets/items/Pantalon_Keynes_Mills.webp', 360, 90, 'legs'::item_type, NULL, NULL, NULL, NULL, NULL, NULL),
  ('250', 'Pantalons d''éveil (F)', '/assets/items/Pantalon_deveil_F.webp', 0, 0, 'legs'::item_type, NULL, NULL, NULL, NULL, NULL, NULL),
  ('251', 'Pantalon militaire', '/assets/items/Pantalon_militaire.webp', 400, 90, 'legs'::item_type, NULL, NULL, NULL, NULL, NULL, NULL),
  ('252', 'Short Boxe Gold', '/assets/items/Short_boxe_gold.webp', 350, 60, 'legs'::item_type, NULL, NULL, NULL, NULL, NULL, NULL),
  ('253', 'Short Sport', '/assets/items/Short_sport.webp', 350, 60, 'legs'::item_type, NULL, NULL, NULL, NULL, NULL, NULL),
  ('254', 'Short Hansen', '/assets/items/Short_hansen.webp', 340, 65, 'legs'::item_type, NULL, NULL, NULL, NULL, NULL, NULL),
  ('255', 'Short Mahx', '/assets/items/Short_mahx.webp', 340, 65, 'legs'::item_type, NULL, NULL, NULL, NULL, NULL, NULL),
  ('256', 'String Ecureuil', '/assets/items/Stringecureuil.webp', 250, 60, 'legs'::item_type, NULL, NULL, NULL, NULL, NULL, NULL),
  ('257', 'Pantalon AXXXT', '/assets/items/Pantalon_01.webp', 400, 300, 'legs'::item_type, NULL, NULL, NULL, NULL, NULL, NULL)
ON CONFLICT (id) DO NOTHING;

-- Insertion des prérequis
INSERT INTO item_prerequisite (item_id, property, value) VALUES
  ('200', 'agility'::stat_property, 60),
  ('203', 'agility'::stat_property, 10),
  ('203', 'robustness'::stat_property, 20),
  ('204', 'computing'::stat_property, 10),
  ('205', 'strength'::stat_property, 60),
  ('205', 'agility'::stat_property, 100),
  ('206', 'engineering'::stat_property, 30),
  ('207', 'agility'::stat_property, 69),
  ('208', 'strength'::stat_property, 120),
  ('208', 'robustness'::stat_property, 50),
  ('209', 'agility'::stat_property, 120),
  ('210', 'robustness'::stat_property, 50),
  ('210', 'computing'::stat_property, 120),
  ('213', 'strength'::stat_property, 20),
  ('213', 'agility'::stat_property, 20),
  ('217', 'engineering'::stat_property, 30),
  ('224', 'medicine'::stat_property, 30),
  ('230', 'computing'::stat_property, 50),
  ('239', 'agility'::stat_property, 60),
  ('240', 'agility'::stat_property, 10),
  ('240', 'robustness'::stat_property, 20),
  ('241', 'strength'::stat_property, 120),
  ('241', 'robustness'::stat_property, 50)
ON CONFLICT DO NOTHING;

-- Insertion des effets
INSERT INTO item_effect (item_id, property, value) VALUES
  ('201', 'stealth'::stat_property, -10),
  ('203', 'agility'::stat_property, 10),
  ('203', 'robustness'::stat_property, -2),
  ('204', 'robustness'::stat_property, 6),
  ('204', 'computing'::stat_property, 6),
  ('206', 'engineering'::stat_property, 5),
  ('208', 'strength'::stat_property, 16),
  ('208', 'agility'::stat_property, -4),
  ('208', 'robustness'::stat_property, -4),
  ('209', 'agility'::stat_property, 7),
  ('209', 'stealth'::stat_property, 7),
  ('210', 'robustness'::stat_property, 6),
  ('210', 'computing'::stat_property, 6),
  ('211', 'robustness'::stat_property, 5),
  ('212', 'health'::stat_property, 15),
  ('213', 'agility'::stat_property, -3),
  ('213', 'robustness'::stat_property, 8),
  ('213', 'stealth'::stat_property, -10),
  ('213', 'health'::stat_property, 5),
  ('215', 'agility'::stat_property, 6),
  ('216', 'agility'::stat_property, 10),
  ('216', 'robustness'::stat_property, -5),
  ('216', 'health'::stat_property, 6),
  ('217', 'engineering'::stat_property, 5),
  ('219', 'agility'::stat_property, 4),
  ('219', 'robustness'::stat_property, 3),
  ('220', 'agility'::stat_property, 4),
  ('220', 'stealth'::stat_property, 3),
  ('221', 'agility'::stat_property, 4),
  ('221', 'perception'::stat_property, 3),
  ('224', 'stealth'::stat_property, -10),
  ('224', 'medicine'::stat_property, 13),
  ('225', 'robustness'::stat_property, -5),
  ('225', 'stealth'::stat_property, 15),
  ('226', 'strength'::stat_property, 2),
  ('226', 'agility'::stat_property, 2),
  ('227', 'agility'::stat_property, 6),
  ('229', 'agility'::stat_property, 10),
  ('229', 'robustness'::stat_property, -5),
  ('229', 'health'::stat_property, 6),
  ('232', 'stealth'::stat_property, 4),
  ('232', 'computing'::stat_property, 6),
  ('233', 'strength'::stat_property, 16),
  ('233', 'agility'::stat_property, -4),
  ('233', 'robustness'::stat_property, -4),
  ('235', 'agility'::stat_property, 4),
  ('235', 'stealth'::stat_property, 5),
  ('236', 'engineering'::stat_property, 5),
  ('237', 'stealth'::stat_property, -10),
  ('237', 'medicine'::stat_property, 13),
  ('238', 'robustness'::stat_property, 6),
  ('238', 'computing'::stat_property, 6),
  ('240', 'agility'::stat_property, 10),
  ('240', 'robustness'::stat_property, -2),
  ('241', 'strength'::stat_property, 16),
  ('241', 'agility'::stat_property, -4),
  ('241', 'robustness'::stat_property, -4),
  ('242', 'robustness'::stat_property, 5),
  ('243', 'robustness'::stat_property, 5),
  ('244', 'health'::stat_property, 15),
  ('245', 'health'::stat_property, 15),
  ('248', 'agility'::stat_property, 4),
  ('248', 'stealth'::stat_property, 3),
  ('249', 'agility'::stat_property, 4),
  ('249', 'stealth'::stat_property, 3),
  ('252', 'strength'::stat_property, 2),
  ('252', 'agility'::stat_property, 2),
  ('253', 'strength'::stat_property, 2),
  ('253', 'agility'::stat_property, 2),
  ('254', 'agility'::stat_property, 6),
  ('255', 'agility'::stat_property, 6)
ON CONFLICT DO NOTHING;