-- Seed data pour les items de type feet

-- Insertion des items
INSERT INTO item (id, name, image, tech, integrity, type, min_damage, max_damage, damage_bonus, hands, reach, hits_per_round) VALUES
  ('300', 'Ballerines', '/assets/items/BALLERINES2.webp', 360, 60, 'feet'::item_type, NULL, NULL, NULL, NULL, NULL, NULL),
  ('301', 'Baskets Arika', '/assets/items/Baskets_lumi_vertes.webp', 320, 70, 'feet'::item_type, NULL, NULL, NULL, NULL, NULL, NULL),
  ('302', 'Chaussure Squelette', '/assets/items/Chaussure-squelette.webp', 400, 60, 'feet'::item_type, NULL, NULL, NULL, NULL, NULL, NULL),
  ('303', 'Chaussures de Bowling', '/assets/items/10chaussure_bowling.webp', 340, 60, 'feet'::item_type, NULL, NULL, NULL, NULL, NULL, NULL),
  ('304', 'Chaussures de Dreadball', '/assets/items/11chaussure_dreadball.webp', 400, 100, 'feet'::item_type, NULL, NULL, NULL, NULL, NULL, NULL),
  ('305', 'Chaussures de Sécurité', '/assets/items/Mecano-pied.webp', 330, 120, 'feet'::item_type, NULL, NULL, NULL, NULL, NULL, NULL),
  ('306', 'Cyber pompes', '/assets/items/Decker-pied.webp', 320, 50, 'feet'::item_type, NULL, NULL, NULL, NULL, NULL, NULL),
  ('307', 'Sabots', '/assets/items/Medecin-pied.webp', 320, 45, 'feet'::item_type, NULL, NULL, NULL, NULL, NULL, NULL),
  ('308', 'Chaussures à talons', '/assets/items/ASSETS_Chaussures_a_talons_262-PX.webp', 340, 60, 'feet'::item_type, NULL, NULL, NULL, NULL, NULL, NULL),
  ('309', 'Escarpins Bijela', '/assets/items/Escarpin_Bijela.webp', 360, 75, 'feet'::item_type, NULL, NULL, NULL, NULL, NULL, NULL),
  ('310', 'Bottes', '/assets/items/ASSETS_Bottes-Militaires_262-PX.webp', 330, 100, 'feet'::item_type, NULL, NULL, NULL, NULL, NULL, NULL),
  ('311', 'Bottes', '/assets/items/BOTTES-A-PIQUES_262px.webp', 360, 90, 'feet'::item_type, NULL, NULL, NULL, NULL, NULL, NULL),
  ('312', 'Bottes renforcées', '/assets/items/Bottes-renforcees.webp', 350, 120, 'feet'::item_type, NULL, NULL, NULL, NULL, NULL, NULL),
  ('313', 'Santiags', '/assets/items/Santiag262.webp', 400, 140, 'feet'::item_type, NULL, NULL, NULL, NULL, NULL, NULL),
  ('314', 'Boosters', '/assets/items/BOOSTERS_262px.webp', 200, 75, 'feet'::item_type, NULL, NULL, NULL, NULL, NULL, NULL),
  ('315', 'Chaussettes', '/assets/items/Chaussettes.webp', 50, 20, 'feet'::item_type, NULL, NULL, NULL, NULL, NULL, NULL),
  ('316', 'Leg Warmers', '/assets/items/Leg-warmers.webp', 400, 90, 'feet'::item_type, NULL, NULL, NULL, NULL, NULL, NULL),
  ('317', 'Bottes AXXXN', '/assets/items/Bottes_A300.webp', 400, 300, 'feet'::item_type, NULL, NULL, NULL, NULL, NULL, NULL),
  ('318', 'Bottes AXXXP', '/assets/items/Bottes_A300.webp', 350, 300, 'feet'::item_type, NULL, NULL, NULL, NULL, NULL, NULL),
  ('319', 'Bottes AXXXT', '/assets/items/Bottes_A300.webp', 400, 300, 'feet'::item_type, NULL, NULL, NULL, NULL, NULL, NULL),
  ('320', 'Bottes AXXXO', '/assets/items/Bottes_A300.webp', 320, 300, 'feet'::item_type, NULL, NULL, NULL, NULL, NULL, NULL),
  ('321', 'Bottes AXXXD', '/assets/items/Bottes_A300.webp', 320, 300, 'feet'::item_type, NULL, NULL, NULL, NULL, NULL, NULL),
  ('322', 'Baskets Globe', '/assets/items/Baskets_lumi_noires.webp', 320, 70, 'feet'::item_type, NULL, NULL, NULL, NULL, NULL, NULL),
  ('323', 'Baskets Poumo', '/assets/items/Baskets_lumi_rouges.webp', 320, 70, 'feet'::item_type, NULL, NULL, NULL, NULL, NULL, NULL),
  ('324', 'Baskets Reezo', '/assets/items/Baskets_lumi_bleues.webp', 320, 70, 'feet'::item_type, NULL, NULL, NULL, NULL, NULL, NULL),
  ('325', 'Chaussures de ville', '/assets/items/CHAUSSURE_VILLE2.webp', 340, 60, 'feet'::item_type, NULL, NULL, NULL, NULL, NULL, NULL),
  ('326', 'Bottes alpha', '/assets/items/Bottes_alpha.webp', 400, 100, 'feet'::item_type, NULL, NULL, NULL, NULL, NULL, NULL),
  ('327', 'Bottes gamma', '/assets/items/Bottes_alpha-ss.webp', 400, 100, 'feet'::item_type, NULL, NULL, NULL, NULL, NULL, NULL),
  ('328', 'Bottes à talons', '/assets/items/BOTTES_SEXY2.webp', 400, 100, 'feet'::item_type, NULL, NULL, NULL, NULL, NULL, NULL),
  ('329', 'Exos pompes de chantiers', '/assets/items/Exosquelette-pied.webp', 330, 120, 'feet'::item_type, NULL, NULL, NULL, NULL, NULL, NULL),
  ('330', 'Escarpins', '/assets/items/ESCARPINS_NOIR_262px.webp', 340, 60, 'feet'::item_type, NULL, NULL, NULL, NULL, NULL, NULL),
  ('331', 'Bottes A3XXXL', '/assets/items/Bottes_A300.webp', 400, 300, 'feet'::item_type, NULL, NULL, NULL, NULL, NULL, NULL),
  ('332', 'Bottes A3XXXJ', '/assets/items/Bottes_A300.webp', 400, 300, 'feet'::item_type, NULL, NULL, NULL, NULL, NULL, NULL)
ON CONFLICT (id) DO NOTHING;

-- Insertion des prérequis
INSERT INTO item_prerequisite (item_id, property, value) VALUES
  ('304', 'agility'::stat_property, 1),
  ('309', 'agility'::stat_property, 10),
  ('310', 'strength'::stat_property, 20),
  ('311', 'robustness'::stat_property, 60),
  ('311', 'strength'::stat_property, 50),
  ('312', 'robustness'::stat_property, 20),
  ('314', 'agility'::stat_property, 120),
  ('326', 'agility'::stat_property, 1),
  ('327', 'agility'::stat_property, 1),
  ('328', 'agility'::stat_property, 1)
ON CONFLICT DO NOTHING;

-- Insertion des effets
INSERT INTO item_effect (item_id, property, value) VALUES
  ('300', 'speed'::stat_property, 1),
  ('301', 'agility'::stat_property, 4),
  ('301', 'stealth'::stat_property, -10),
  ('301', 'speed'::stat_property, 1),
  ('302', 'strength'::stat_property, 10),
  ('302', 'agility'::stat_property, -5),
  ('302', 'robustness'::stat_property, 5),
  ('302', 'computing'::stat_property, 4),
  ('302', 'medicine'::stat_property, 12),
  ('302', 'engineering'::stat_property, 8),
  ('302', 'speed'::stat_property, 1),
  ('303', 'speed'::stat_property, 1),
  ('304', 'speed'::stat_property, 1),
  ('305', 'engineering'::stat_property, 8),
  ('305', 'speed'::stat_property, 1),
  ('306', 'computing'::stat_property, 7),
  ('306', 'speed'::stat_property, 1),
  ('307', 'stealth'::stat_property, -8),
  ('307', 'medicine'::stat_property, 7),
  ('307', 'speed'::stat_property, 1),
  ('308', 'speed'::stat_property, 1),
  ('309', 'strength'::stat_property, 4),
  ('309', 'speed'::stat_property, 1),
  ('310', 'agility'::stat_property, 7),
  ('310', 'speed'::stat_property, 1),
  ('311', 'strength'::stat_property, 4),
  ('311', 'speed'::stat_property, 1),
  ('312', 'strength'::stat_property, 5),
  ('312', 'agility'::stat_property, -5),
  ('312', 'robustness'::stat_property, 5),
  ('312', 'speed'::stat_property, 1),
  ('313', 'strength'::stat_property, 10),
  ('313', 'agility'::stat_property, -5),
  ('313', 'stealth'::stat_property, -10),
  ('313', 'speed'::stat_property, 1),
  ('314', 'agility'::stat_property, -20),
  ('314', 'stealth'::stat_property, -30),
  ('314', 'speed'::stat_property, 2),
  ('317', 'strength'::stat_property, 10),
  ('317', 'agility'::stat_property, -5),
  ('317', 'stealth'::stat_property, -10),
  ('318', 'strength'::stat_property, 5),
  ('318', 'agility'::stat_property, -5),
  ('318', 'robustness'::stat_property, 5),
  ('320', 'stealth'::stat_property, -12),
  ('320', 'medicine'::stat_property, 12),
  ('321', 'computing'::stat_property, 7),
  ('322', 'agility'::stat_property, 4),
  ('322', 'stealth'::stat_property, -10),
  ('322', 'speed'::stat_property, 1),
  ('323', 'agility'::stat_property, 4),
  ('323', 'stealth'::stat_property, -10),
  ('323', 'speed'::stat_property, 1),
  ('324', 'agility'::stat_property, 4),
  ('324', 'stealth'::stat_property, -10),
  ('324', 'speed'::stat_property, 1),
  ('325', 'speed'::stat_property, 1),
  ('326', 'speed'::stat_property, 1),
  ('327', 'speed'::stat_property, 1),
  ('328', 'speed'::stat_property, 1),
  ('329', 'engineering'::stat_property, 8),
  ('329', 'speed'::stat_property, 1),
  ('330', 'speed'::stat_property, 1)
ON CONFLICT DO NOTHING;