-- Seed data pour les items de type weapons

-- Insertion des items
INSERT INTO item (id, name, image, tech, integrity, type, min_damage, max_damage, damage_bonus, hands, reach, hits_per_round) VALUES
  ('500', 'Bistouri', '/assets/items/Bistouri70.webp', 60, 100, '2handsMelee'::item_type, 4, 12, NULL, 2, 0, 1),
  ('501', 'Dague énergétique', '/assets/items/DAGUE_ENERGETIQUE262.webp', 350, 150, '1handMelee'::item_type, 20, 30, NULL, 1, 0, 1),
  ('502', 'Kanuf', '/assets/items/KANUF_262px.webp', 300, 50, '1handMelee'::item_type, 24, 32, NULL, 1, 0, 1),
  ('503', 'Poing américain', '/assets/items/Poing_americain.webp', 120, 200, '1handMelee'::item_type, 20, 38, NULL, 1, 0, 1),
  ('504', 'Gants Cyber', '/assets/items/Gants_bijou.webp', 240, 300, '2handsMelee'::item_type, 38, 70, NULL, 2, 0, 1),
  ('505', 'Gants de boxe', '/assets/items/Gant_boxe.webp', 0, 300, '2handsMelee'::item_type, 3, 7, NULL, 2, 0, 1),
  ('506', 'Gant Hydro', '/assets/items/GANTS_HYDRO262.webp', 240, 120, '1handMelee'::item_type, 16, 36, NULL, 1, 0, 1),
  ('507', 'Gants à piques', '/assets/items/Gant-a-pik.webp', 300, 250, '2handsMelee'::item_type, 38, 64, NULL, 2, 0, 1),
  ('508', 'Gants en cuir', '/assets/items/Cuirgants.webp', 360, 80, '2handsMelee'::item_type, 2, 6, NULL, 2, 0, 1),
  ('509', 'Gants technologiques', '/assets/items/Gant-info999.webp', 60, 100, '2handsMelee'::item_type, 2, 6, NULL, 2, 0, 1),
  ('510', 'Wolfers', '/assets/items/WOLFERS262.webp', 300, 160, '2handsMelee'::item_type, 22, 78, NULL, 2, 0, 1),
  ('511', 'Exo gants', '/assets/items/Exosquelette-main.webp', 80, 150, '2handsMelee'::item_type, 38, 68, NULL, 2, 0, 1),
  ('512', 'Gantelet du Juge', '/assets/items/Gantlet_bleu.webp', 320, 240, '2handsMelee'::item_type, 18, 38, NULL, 2, 0, 1),
  ('513', 'Gantelet Steak', '/assets/items/Gants_steak.webp', 60, 60, '2handsMelee'::item_type, 34, 66, NULL, 2, 0, 1),
  ('514', 'Gantelet A323', '/assets/items/Gant_A323.webp', 360, 300, '1handMelee'::item_type, 21, 31, NULL, 1, 0, 1),
  ('515', 'Gantelet AXXXN', '/assets/items/Gants_A-S9.webp', 460, 300, '2handsMelee'::item_type, 34, 66, NULL, 2, 0, 1),
  ('516', 'Gantelet AXXXP', '/assets/items/Gants_A-S9.webp', 60, 300, '2handsMelee'::item_type, 34, 66, NULL, 2, 0, 1),
  ('517', 'Gantelet AXXXT', '/assets/items/Gants_A-S9.webp', 60, 300, '2handsMelee'::item_type, 34, 66, NULL, 2, 0, 1),
  ('518', 'Gantelet AXXXL', '/assets/items/Gants_A-S9.webp', 60, 300, '2handsMelee'::item_type, 34, 66, NULL, 2, 0, 1),
  ('519', 'Gantelet AXXXJ', '/assets/items/Gants_A-S9.webp', 60, 300, '2handsMelee'::item_type, 34, 66, NULL, 2, 0, 1),
  ('520', 'Gantelet AXXXO', '/assets/items/Gants_A-S9.webp', 60, 300, '2handsMelee'::item_type, 34, 66, NULL, 2, 0, 1),
  ('521', 'Gantelet AXXXD', '/assets/items/Gants_A-S9.webp', 60, 300, '2handsMelee'::item_type, 34, 66, NULL, 2, 0, 1),
  ('522', 'Agrimensor', '/assets/items/AGRI2.webp', 0, 120, '2handsMelee'::item_type, 50, 90, NULL, 2, 0, 1),
  ('523', 'Epée à deux mains', '/assets/items/Epee_2m.webp', 0, 120, '2handsMelee'::item_type, 55, 87, NULL, 2, 0, 1),
  ('524', 'Epée énergétique', '/assets/items/Powersword.webp', 100, 180, '2handsMelee'::item_type, 40, 78, NULL, 2, 0, 1),
  ('525', 'Epée quantique', '/assets/items/Epee_quantique.webp', 320, 200, '2handsMelee'::item_type, 40, 78, NULL, 2, 0, 1),
  ('526', 'Katana', '/assets/items/KATANNA_262px.webp', 320, 140, '1handMelee'::item_type, 14, 36, NULL, 1, 0, 1),
  ('527', 'Tranchoir à fusion', '/assets/items/Tranchoir_fusion.webp', 200, 130, '2handsMelee'::item_type, 34, 90, NULL, 2, 0, 1),
  ('528', 'Lame carbone A370', '/assets/items/Lame-A370.webp', 0, 200, '2handsMelee'::item_type, 50, 90, NULL, 2, 0, 1),
  ('529', 'Blizzaxe', '/assets/items/Hacheglace.webp', 180, 120, '2handsMelee'::item_type, 50, 78, NULL, 2, 0, 1),
  ('530', 'Hache rustique', '/assets/items/Hache_rustique.webp', 240, 160, '1handMelee'::item_type, 22, 34, NULL, 1, 0, 1),
  ('531', 'Koup Koup', '/assets/items/Koup_koup.webp', 180, 160, '2handsMelee'::item_type, 44, 84, NULL, 2, 0, 1),
  ('532', 'Bouclier', '/assets/items/Bouclier.webp', 0, 250, '1handMelee'::item_type, 13, 23, NULL, 1, 0, 1),
  ('533', 'Bouclier énergétique', '/assets/items/Powerbouclier.webp', 0, 120, '1handMelee'::item_type, 20, 30, NULL, 1, 0, 1),
  ('534', 'Batte de dreadball', '/assets/items/BATTE-DE-BASEBALL262.webp', 80, 450, '1handMelee'::item_type, 24, 34, NULL, 1, 0, 1),
  ('535', 'Batte de dreadball cloutée', '/assets/items/Batte-a-clou.webp', 120, 400, '1handMelee'::item_type, 10, 26, NULL, 1, 0, 1),
  ('536', 'Fouet', '/assets/items/Fouet.webp', 320, 140, '1handMelee'::item_type, 20, 32, NULL, 1, 0, 1),
  ('537', 'Hallebarde', '/assets/items/Hallebarde.webp', 0, 200, '2handsMelee'::item_type, 48, 86, NULL, 2, 0, 1),
  ('538', 'Masse énergétique', '/assets/items/Masse_energetique.webp', 320, 320, '2handsMelee'::item_type, 52, 84, NULL, 2, 0, 1),
  ('539', 'Monofilament', '/assets/items/MONOFILAMENT262.webp', 240, 240, '2handsMelee'::item_type, 1, 99, NULL, 2, 0, 1),
  ('540', 'Petite cuillère de la destruction', '/assets/items/Petite_cuillere.webp', 0, 9999, '2handsMelee'::item_type, 99, 999, NULL, 2, 0, 1),
  ('541', 'Pied de biche', '/assets/items/Pied_biche.webp', 0, 250, '1handMelee'::item_type, 14, 48, NULL, 1, 0, 1),
  ('542', 'Rouleau en poly tétra fluoro éthylène', '/assets/items/ROULEAU-PATISSERIE_262px.webp', 150, 300, '1handMelee'::item_type, 7, 13, NULL, 1, 0, 1),
  ('543', 'Rouleau à Pâtisserie', '/assets/items/ROULEAU-PATISSERIE_262px.webp', 80, 100, '1handMelee'::item_type, 8, 36, NULL, 1, 0, 1),
  ('544', 'Poêle', '/assets/items/POELLE_262px.webp', 280, 80, '1handMelee'::item_type, 5, 25, NULL, 1, 0, 1),
  ('545', 'Chalumeau', '/assets/items/Chalumeau.webp', 320, 140, '1handMelee'::item_type, 20, 32, NULL, 1, 0, 1),
  ('546', 'Clef à molette', '/assets/items/CLE-Molette_262px.webp', 300, 80, '1handMelee'::item_type, 6, 30, NULL, 1, 0, 1),
  ('547', 'Tazer', '/assets/items/Tazer.webp', 0, 250, '1handMelee'::item_type, 10, 44, NULL, 1, 0, 1),
  ('548', 'Tronçolame', '/assets/items/TRONCOLAME.webp', 480, 200, '2handsMelee'::item_type, 34, 66, NULL, 2, 0, 1),
  ('549', 'Canne', '/assets/items/Canne.webp', 80, 160, '1handMelee'::item_type, 22, 32, NULL, 1, 0, 1),
  ('550', 'Pelle', '/assets/items/Pelle.webp', 180, 200, '2handsMelee'::item_type, 24, 32, NULL, 2, 0, 1),
  ('551', 'Détecteur', '/assets/items/Pelle.webp', 0, 0, '2handsMelee'::item_type, 0, 0, NULL, 2, 0, 1),
  ('552', 'City Eagle', '/assets/items/CITY-EAGLE_262px.webp', 320, 120, '1handShot'::item_type, 9, 31, NULL, 1, 1, 1),
  ('553', 'Double revolver calibre .32', '/assets/items/Doublecalibre32.webp', 240, 110, '1handShot'::item_type, 11, 15, NULL, 1, 2, 2),
  ('554', 'FI2615', '/assets/items/FI2615_IMPERIAL2.webp', 120, 140, '2handsShot'::item_type, 7, 31, NULL, 2, 6, 3),
  ('555', 'Fusil Lincoln', '/assets/items/FUSIL_LINCOLN262.webp', 450, 200, '2handsShot'::item_type, 22, 46, NULL, 2, 9, 1),
  ('556', 'Fusil T31', '/assets/items/FUSIL_T31_262px.webp', 200, 80, '2handsShot'::item_type, 18, 36, NULL, 2, 4, 2),
  ('557', 'Gold Eagle', '/assets/items/Deaglegold.webp', 320, 120, '1handShot'::item_type, 23, 33, NULL, 1, 3, 1),
  ('558', 'Haka 47', '/assets/items/Haka47.webp', 120, 300, '2handsShot'::item_type, 12, 26, NULL, 2, 5, 3),
  ('559', 'Magnum à lunette', '/assets/items/MAGNUM-A-LUNETTE262.webp', 550, 130, '1handShot'::item_type, 11, 23, NULL, 1, 3, 1),
  ('560', 'Minigun', '/assets/items/Minigun.webp', 115, 400, '2handsShot'::item_type, 13, 19, NULL, 2, 5, 3),
  ('561', 'Pistolet 9mm', '/assets/items/NEO-BERETTA_9mm_262px.webp', 240, 150, '1handShot'::item_type, 12, 30, NULL, 1, 5, 1),
  ('562', 'Revolver calibre .32', '/assets/items/Calibre32.webp', 240, 110, '1handShot'::item_type, 12, 30, NULL, 1, 1, 1),
  ('563', 'Revolver calibre .40', '/assets/items/Calibre40.webp', 240, 130, '1handShot'::item_type, 11, 31, NULL, 1, 1, 1),
  ('564', 'Sulfateuse', '/assets/items/SULFATEUSE262.webp', 130, 350, '2handsShot'::item_type, 2, 14, NULL, 2, 5, 5),
  ('565', 'XVI', '/assets/items/Xvi.webp', 260, 100, '2handsShot'::item_type, 6, 20, NULL, 2, 6, 3),
  ('566', 'Gun A 317', '/assets/items/A-317_REVOLVER_MAGNUS_BLEU_262-PX.webp', 320, 300, '1handShot'::item_type, 6, 12, NULL, 1, 4, 2),
  ('567', 'Fusil A 317 T', '/assets/items/A-317_FUSIL_D_ASSAULT_GRIPPIN_ROUGE_262-PX.webp', 470, 300, '2handsShot'::item_type, 24, 42, NULL, 2, 12, 1),
  ('568', 'Fusil A 332', '/assets/items/A332WEAPON_PM_ROUGE.webp', 130, 350, '2handsShot'::item_type, 2, 14, NULL, 2, 5, 5),
  ('569', 'Azmat', '/assets/items/AZMAT262.webp', 320, 90, '1handShot'::item_type, 6, 12, NULL, 1, 4, 2),
  ('570', 'Flingue plasma', '/assets/items/FLINGUE_PLASMA262.webp', 550, 130, '1handShot'::item_type, 11, 21, NULL, 1, 3, 1),
  ('571', 'Fusil laser', '/assets/items/FUSIL_LASER2.webp', 470, 145, '2handsShot'::item_type, 24, 42, NULL, 2, 12, 1),
  ('572', 'Fusil plasma', '/assets/items/Plasma.webp', 0, 85, '2handsShot'::item_type, 24, 40, NULL, 2, 2, 1),
  ('573', 'Gatling laser', '/assets/items/Gatling_Laser2.webp', 260, 100, '2handsShot'::item_type, 12, 22, NULL, 2, 3, 3),
  ('574', 'Pulseur', '/assets/items/Pulseur.webp', 340, 115, '1handShot'::item_type, 16, 26, NULL, 1, 4, 1),
  ('575', 'V42J4', '/assets/items/V42J4_262px.webp', 260, 120, '2handsShot'::item_type, 20, 26, NULL, 2, 7, 2),
  ('576', 'Runner', '/assets/items/Runner_262.webp', 320, 90, '1handShot'::item_type, 3, 15, NULL, 1, 4, 2),
  ('577', 'Canon Anti-matériel', '/assets/items/Gatling_G1.webp', 260, 100, '2handsShot'::item_type, 18, 42, NULL, 2, 5, 2),
  ('578', 'Fusil Sniper Laser', '/assets/items/Fusilsniper.webp', 470, 145, '2handsShot'::item_type, 36, 48, NULL, 2, 14, 1),
  ('579', 'F.I.S.T', '/assets/items/Fusil_iem.webp', 500, 130, '1handShot'::item_type, 13, 25, NULL, 1, 6, 1),
  ('580', 'Lance-flammes', '/assets/items/LANCE-FLAME2.webp', 0, 110, '2handsShot'::item_type, 12, 60, NULL, 2, 4, 2),
  ('581', 'Arbalète automatique', '/assets/items/Arba-auto.webp', 320, 250, '1handShot'::item_type, 15, 25, NULL, 1, 4, 1),
  ('582', 'Arc à positron', '/assets/items/Arc_positrons.webp', 450, 150, '2handsShot'::item_type, 20, 48, NULL, 2, 9, 1),
  ('583', 'Arc de contrôle', '/assets/items/Arc_controle_bleu.webp', 460, 150, '2handsShot'::item_type, 22, 40, NULL, 2, 12, 1),
  ('584', 'Arc à poulie', '/assets/items/Arc_a_poulie.webp', 450, 180, '2handsShot'::item_type, 18, 48, NULL, 2, 9, 1),
  ('585', 'Pistaclou', '/assets/items/PISTACLOUS262.webp', 80, 80, '1handShot'::item_type, 7, 13, NULL, 1, 1, 3),
  ('586', 'Pistoconfetti', '/assets/items/Pistoconfetti.webp', 0, 1, '1handShot'::item_type, 0, 2, NULL, 1, 1, 1),
  ('587', 'Pistolet à billes', '/assets/items/Pisto-bille.webp', 50, 200, '1handShot'::item_type, 2, 4, NULL, 1, 1, 1),
  ('588', 'Pistolet à ventouses', '/assets/items/Pisto-ventouse.webp', 0, 120, '1handShot'::item_type, 0, 2, NULL, 1, 1, 1),
  ('589', 'Railgun', '/assets/items/RAIL-GUN262.webp', 260, 60, '2handsShot'::item_type, 10, 70, NULL, 2, 10, 1),
  ('590', 'Vibrolame', '/assets/items/Vibrolame.webp', 360, 150, '1handShot'::item_type, 20, 36, NULL, 1, 0, 1),
  ('591', 'Dardepoing', '/assets/items/Dardepoing.webp', 120, 200, '1handMelee'::item_type, 20, 38, NULL, 1, 0, 1),
  ('592', 'Gants Dreadball', '/assets/items/Gants_dreadball.webp', 240, 300, '2handsMelee'::item_type, 38, 70, NULL, 2, 0, 1),
  ('593', 'Gants de fer', '/assets/items/Gant-de-fer.webp', 240, 300, '2handsMelee'::item_type, 38, 70, NULL, 2, 0, 1),
  ('594', 'Golden Punch', '/assets/items/Golden_punch.webp', 0, 300, '2handsMelee'::item_type, 3, 7, NULL, 2, 0, 1),
  ('595', 'Gants techno sombres', '/assets/items/Gants_techno_sombres.webp', 60, 100, '2handsMelee'::item_type, 2, 6, NULL, 2, 0, 1),
  ('596', 'Bracelet A323', '/assets/items/Braclet_A323.webp', 360, 300, '1handMelee'::item_type, 21, 31, NULL, 1, 0, 1),
  ('597', 'Épée A317N', '/assets/items/A-317_SABRE_BLEU_262-PX.webp', 460, 300, '2handsMelee'::item_type, 34, 66, NULL, 2, 0, 1),
  ('598', 'Épée A317P', '/assets/items/A-317_SABRE_BLEU_262-PX.webp', 60, 300, '2handsMelee'::item_type, 34, 66, NULL, 2, 0, 1),
  ('599', 'Ironix', '/assets/items/Ironix.webp', 180, 120, '2handsMelee'::item_type, 50, 78, NULL, 2, 0, 1),
  ('600', 'Technohache', '/assets/items/Hache_techno.webp', 240, 160, '1handMelee'::item_type, 22, 34, NULL, 1, 0, 1),
  ('601', 'Chaine cloutée', '/assets/items/Chaine_cloutee.webp', 320, 140, '1handMelee'::item_type, 20, 32, NULL, 1, 0, 1),
  ('602', 'Gun A370', '/assets/items/Gun_A370.webp', 320, 300, '1handShot'::item_type, 6, 12, NULL, 1, 4, 2),
  ('603', 'Arc électrique', '/assets/items/Arc_electrique.webp', 450, 150, '2handsShot'::item_type, 20, 48, NULL, 2, 9, 1),
  ('604', 'RedBow', '/assets/items/Redbow.webp', 460, 150, '2handsShot'::item_type, 22, 40, NULL, 2, 12, 1)
ON CONFLICT (id) DO NOTHING;

-- Insertion des prérequis
INSERT INTO item_prerequisite (item_id, property, value) VALUES
  ('500', 'medicine'::stat_property, 150),
  ('504', 'strength'::stat_property, 50),
  ('507', 'strength'::stat_property, 50),
  ('509', 'computing'::stat_property, 150),
  ('509', 'agility'::stat_property, 130),
  ('511', 'engineering'::stat_property, 150),
  ('513', 'agility'::stat_property, 75),
  ('513', 'stealth'::stat_property, 75),
  ('522', 'strength'::stat_property, 160),
  ('523', 'strength'::stat_property, 160),
  ('524', 'agility'::stat_property, 80),
  ('525', 'agility'::stat_property, 80),
  ('526', 'agility'::stat_property, 120),
  ('527', 'agility'::stat_property, 150),
  ('527', 'engineering'::stat_property, 110),
  ('529', 'strength'::stat_property, 120),
  ('529', 'agility'::stat_property, 110),
  ('530', 'strength'::stat_property, 60),
  ('530', 'agility'::stat_property, 120),
  ('531', 'strength'::stat_property, 160),
  ('531', 'agility'::stat_property, 110),
  ('532', 'strength'::stat_property, 150),
  ('536', 'agility'::stat_property, 130),
  ('537', 'agility'::stat_property, 120),
  ('541', 'strength'::stat_property, 50),
  ('541', 'agility'::stat_property, 50),
  ('543', 'agility'::stat_property, 80),
  ('544', 'agility'::stat_property, 80),
  ('545', 'engineering'::stat_property, 150),
  ('546', 'engineering'::stat_property, 150),
  ('547', 'strength'::stat_property, 50),
  ('547', 'agility'::stat_property, 50),
  ('552', 'strength'::stat_property, 60),
  ('552', 'perception'::stat_property, 80),
  ('554', 'perception'::stat_property, 110),
  ('556', 'strength'::stat_property, 110),
  ('556', 'perception'::stat_property, 80),
  ('557', 'strength'::stat_property, 20),
  ('557', 'perception'::stat_property, 20),
  ('558', 'perception'::stat_property, 100),
  ('560', 'strength'::stat_property, 80),
  ('560', 'perception'::stat_property, 40),
  ('561', 'perception'::stat_property, 60),
  ('562', 'agility'::stat_property, 40),
  ('563', 'agility'::stat_property, 40),
  ('565', 'agility'::stat_property, 60),
  ('565', 'perception'::stat_property, 80),
  ('571', 'perception'::stat_property, 150),
  ('572', 'strength'::stat_property, 50),
  ('572', 'perception'::stat_property, 50),
  ('573', 'strength'::stat_property, 120),
  ('573', 'perception'::stat_property, 60),
  ('573', 'robustness'::stat_property, 100),
  ('574', 'agility'::stat_property, 60),
  ('574', 'perception'::stat_property, 60),
  ('575', 'agility'::stat_property, 80),
  ('575', 'perception'::stat_property, 80),
  ('576', 'perception'::stat_property, 150),
  ('577', 'strength'::stat_property, 120),
  ('577', 'perception'::stat_property, 60),
  ('577', 'robustness'::stat_property, 100),
  ('578', 'perception'::stat_property, 150),
  ('580', 'strength'::stat_property, 80),
  ('580', 'robustness'::stat_property, 80),
  ('581', 'agility'::stat_property, 70),
  ('581', 'perception'::stat_property, 70),
  ('582', 'agility'::stat_property, 180),
  ('582', 'perception'::stat_property, 100),
  ('583', 'agility'::stat_property, 120),
  ('583', 'perception'::stat_property, 150),
  ('584', 'agility'::stat_property, 120),
  ('584', 'perception'::stat_property, 120),
  ('590', 'agility'::stat_property, 110),
  ('592', 'strength'::stat_property, 50),
  ('593', 'strength'::stat_property, 50),
  ('595', 'computing'::stat_property, 150),
  ('595', 'agility'::stat_property, 130),
  ('599', 'strength'::stat_property, 120),
  ('599', 'agility'::stat_property, 110),
  ('600', 'strength'::stat_property, 60),
  ('600', 'agility'::stat_property, 120),
  ('601', 'agility'::stat_property, 130),
  ('603', 'agility'::stat_property, 180),
  ('603', 'perception'::stat_property, 100),
  ('604', 'agility'::stat_property, 120),
  ('604', 'perception'::stat_property, 150)
ON CONFLICT DO NOTHING;

-- Insertion des effets
INSERT INTO item_effect (item_id, property, value) VALUES
  ('500', 'medicine'::stat_property, 10),
  ('501', 'agility'::stat_property, 10),
  ('502', 'agility'::stat_property, 5),
  ('503', 'strength'::stat_property, 5),
  ('504', 'strength'::stat_property, 5),
  ('505', 'agility'::stat_property, 20),
  ('506', 'strength'::stat_property, 8),
  ('507', 'strength'::stat_property, 5),
  ('508', 'stealth'::stat_property, 15),
  ('509', 'computing'::stat_property, 10),
  ('510', 'agility'::stat_property, 10),
  ('511', 'engineering'::stat_property, 10),
  ('512', 'strength'::stat_property, 15),
  ('513', 'stealth'::stat_property, 17),
  ('516', 'robustness'::stat_property, 40),
  ('516', 'speed'::stat_property, -2),
  ('517', 'perception'::stat_property, 40),
  ('518', 'stealth'::stat_property, 17),
  ('519', 'engineering'::stat_property, 10),
  ('520', 'medicine'::stat_property, 10),
  ('521', 'computing'::stat_property, 10),
  ('522', 'agility'::stat_property, -10),
  ('523', 'agility'::stat_property, -10),
  ('524', 'agility'::stat_property, 5),
  ('525', 'strength'::stat_property, -10),
  ('526', 'agility'::stat_property, 5),
  ('527', 'agility'::stat_property, -5),
  ('528', 'agility'::stat_property, -10),
  ('529', 'agility'::stat_property, -5),
  ('532', 'robustness'::stat_property, 20),
  ('532', 'speed'::stat_property, -1),
  ('533', 'robustness'::stat_property, 10),
  ('537', 'agility'::stat_property, -7),
  ('538', 'agility'::stat_property, -20),
  ('545', 'engineering'::stat_property, 5),
  ('546', 'engineering'::stat_property, 5),
  ('553', 'agility'::stat_property, 7),
  ('554', 'agility'::stat_property, 5),
  ('559', 'perception'::stat_property, 5),
  ('561', 'agility'::stat_property, 7),
  ('562', 'agility'::stat_property, 7),
  ('563', 'agility'::stat_property, 7),
  ('565', 'agility'::stat_property, 10),
  ('573', 'agility'::stat_property, -10),
  ('573', 'perception'::stat_property, -35),
  ('577', 'agility'::stat_property, -10),
  ('577', 'perception'::stat_property, -35),
  ('579', 'perception'::stat_property, 5),
  ('580', 'agility'::stat_property, -5),
  ('582', 'perception'::stat_property, 5),
  ('591', 'strength'::stat_property, 5),
  ('592', 'strength'::stat_property, 5),
  ('593', 'strength'::stat_property, 5),
  ('594', 'agility'::stat_property, 20),
  ('595', 'computing'::stat_property, 10),
  ('598', 'robustness'::stat_property, 40),
  ('598', 'speed'::stat_property, -2),
  ('599', 'agility'::stat_property, -5),
  ('603', 'perception'::stat_property, 5)
ON CONFLICT DO NOTHING;